<favourites>
	<favourite name="Populaire Films" thumb="special://home/addons/plugin.video.saltshd.lite/art/themes/SALTy/popular.png">ActivateWindow(10025,&quot;plugin://plugin.video.saltshd.lite/?mode=popular&amp;section=Movies&amp;sf_options=meta%3Dlabel%253DPopulaire%252BFilms%2526castandrole%253D%25255B%25255D%2526title%253DPopulaire%252BFilms%26_options_sf&quot;,return)</favourite>
	<favourite name="Watch32HD" thumb="special://home/addons/plugin.video.mdwatch32hd/icon.png">ActivateWindow(10025,&quot;plugin://plugin.video.mdwatch32hd/?description&amp;iconimage=%2fstorage%2f.kodi%2faddons%2fplugin.video.mdwatch32hd%2ficon.png&amp;mode=1&amp;name=%5bB%5d%5bCOLOR%20white%5dPopular%20Movies%5b%2fCOLOR%5d%5b%2fB%5d&amp;url=http%3a%2f%2fwatch32hd.co&amp;sf_options=meta%3Dlabel%253D%25255BB%25255D%25255BCOLOR%252Bwhite%25255DPopular%252BMovies%25255B%25252FCOLOR%25255D%25255B%25252FB%25255D%2526castandrole%253D%25255B%25255D%2526title%253D%25255BB%25255D%25255BCOLOR%252Bwhite%25255DPopular%252BMovies%25255B%25252FCOLOR%25255D%25255B%25252FB%25255D%26_options_sf&quot;,return)</favourite>
	<favourite name="AK47 Movies" thumb="http://hitflix.tv/addon/pic/mov.png">ActivateWindow(10025,&quot;plugin://plugin.video.AK-47/?fanart=http%3a%2f%2fs9.postimg.org%2fqzvorcwz3%2ffan.jpg&amp;mode=1&amp;name=%5bCOLOR%20limegreen%5d%5bB%5dMOVIES%20780p-1080p%5b%2fB%5d%5b%2fCOLOR%5d&amp;url=http%3a%2f%2fhitflix.tv%2faddon%2fmov%2fcf%2ffor%2f1080-720.xml&amp;sf_options=fanart%3Dhttp%3A%2F%2Fs9.postimg.org%2Fqzvorcwz3%2Ffan.jpg%26meta%3Dlabel%253D%25255BCOLOR%252Blimegreen%25255D%25255BB%25255DMOVIES%252B780p-1080p%25255B%25252FB%25255D%25255B%25252FCOLOR%25255D%2526castandrole%253D%25255B%25255D%2526title%253D%25255BCOLOR%252Blimegreen%25255D%25255BB%25255DMOVIES%252B780p-1080p%25255B%25252FB%25255D%25255B%25252FCOLOR%25255D%26_options_sf&quot;,return)</favourite>
	<favourite name="Movie Mix" thumb="special://home/addons/plugin.video.moviemix/icon.png">ActivateWindow(10025,&quot;plugin://plugin.video.moviemix/?description&amp;iconimage=%2fstorage%2f.kodi%2faddons%2fplugin.video.moviemix%2ficon.png&amp;mode=1&amp;name=%5bCOLOR%20gold%5dHollywood%5b%2fCOLOR%5d&amp;url=http%3a%2f%2fimoviemax.se%2fcategory%2fhollywood-movies%2f&amp;sf_options=fanart%3Dspecial%3A%2F%2Fhome%2Faddons%2Fplugin.video.moviemix%2Ffanart.jpg%26meta%3Dlabel%253D%25255BCOLOR%252Bgold%25255DHollywood%25255B%25252FCOLOR%25255D%2526castandrole%253D%25255B%25255D%2526title%253D%25255BCOLOR%252Bgold%25255DHollywood%25255B%25252FCOLOR%25255D%26_options_sf&quot;,return)</favourite>
	<favourite name="Gen Video" thumb="special://home/addons/plugin.video.mdgenvideos/icon.png">ActivateWindow(10025,&quot;plugin://plugin.video.mdgenvideos/?description&amp;iconimage=%2fstorage%2f.kodi%2faddons%2fplugin.video.mdgenvideos%2ficon.png&amp;mode=1&amp;name=%5bB%5d%5bCOLOR%20white%5dPopular%20Movies%5b%2fCOLOR%5d%5b%2fB%5d&amp;url=http%3a%2f%2fgenvideos.org&amp;sf_options=fanart%3Dspecial%3A%2F%2Fhome%2Faddons%2Fplugin.video.mdgenvideos%2Ffanart.jpg%26meta%3Dlabel%253D%25255BB%25255D%25255BCOLOR%252Bwhite%25255DPopular%252BMovies%25255B%25252FCOLOR%25255D%25255B%25252FB%25255D%2526castandrole%253D%25255B%25255D%2526title%253D%25255BB%25255D%25255BCOLOR%252Bwhite%25255DPopular%252BMovies%25255B%25252FCOLOR%25255D%25255B%25252FB%25255D%26_options_sf&quot;,return)</favourite>
	<favourite name="Movie Vault" thumb="special://home/addons/plugin.video.mdmovievault/icon.png">ActivateWindow(10025,&quot;plugin://plugin.video.mdmovievault/?description&amp;iconimage=%2fstorage%2f.kodi%2faddons%2fplugin.video.mdmovievault%2ficon.png&amp;mode=1&amp;name=%5bB%5d%5bCOLOR%20ivory%5dRecent%20Movies%5b%2fCOLOR%5d%5b%2fB%5d&amp;url=http%3a%2f%2ffmovie.co%2frecent_movies&amp;sf_options=fanart%3Dspecial%3A%2F%2Fhome%2Faddons%2Fplugin.video.mdmovievault%2Ffanart.jpg%26meta%3Dlabel%253D%25255BB%25255D%25255BCOLOR%252Bivory%25255DRecent%252BMovies%25255B%25252FCOLOR%25255D%25255B%25252FB%25255D%2526castandrole%253D%25255B%25255D%2526title%253D%25255BB%25255D%25255BCOLOR%252Bivory%25255DRecent%252BMovies%25255B%25252FCOLOR%25255D%25255B%25252FB%25255D%26_options_sf&quot;,return)</favourite>
	<favourite name="Brettus Movies" thumb="http://brettusbuilds.com/brettus%20media/HD%20MOVIES/2010.png">ActivateWindow(10025,&quot;plugin://plugin.video.Brettus-media/?description&amp;mode=1&amp;name=%5bCOLOR%20white%5d2%5b%2fCOLOR%5d%5bCOLOR%20dodgerblue%5d010%2cs%5b%2fCOLOR%5d&amp;url=http%3a%2f%2fbrettusbuilds.com%2fbrettus%2520media%2fHD%2520MOVIES%2f2010.xml&amp;sf_options=fanart%3Dspecial%3A%2F%2Fhome%2Faddons%2Fplugin.video.Brettus-media%2Ffanart.jpg%26meta%3Dlabel%253D%25255BCOLOR%252Bwhite%25255D2%25255B%25252FCOLOR%25255D%25255BCOLOR%252Bdodgerblue%25255D010%25252Cs%25255B%25252FCOLOR%25255D%2526castandrole%253D%25255B%25255D%2526title%253D%25255BCOLOR%252Bwhite%25255D2%25255B%25252FCOLOR%25255D%25255BCOLOR%252Bdodgerblue%25255D010%25252Cs%25255B%25252FCOLOR%25255D%26_options_sf&quot;,return)</favourite>
	<favourite name="All Super Hero Movies" thumb="http://99.243.114.209:32400/photo/:/transcode?url=http%3A%2F%2Flocalhost%3A32400%2F%3A%2Fresources%2Fmovie.png&amp;width=720&amp;height=720 | X-Plex-Platform=KODI&amp;X-Plex-Client-Platform=KODI&amp;X-Plex-Device-Name=My%20PleXBMC%20Client&amp;X-Plex-Provides=player&amp;X-Plex-Model=unknown&amp;X-Plex-Platform-Version=Linux/RPi&amp;X-Plex-Client-Identifier=409751cb-e21b-4e86-ad6f-e360d23010ef&amp;X-Plex-Device=PleXBMC&amp;X-Plex-Product=PleXBMC&amp;X-Plex-Language=en&amp;X-Plex-Version=1.0.1">ActivateWindow(10025,&quot;plugin://plugin.video.multi-plex/?mode=0&amp;url=http%3a%2f%2f99.243.114.209%3a32400%2flibrary%2fsections%2f5%2fall&quot;,return)</favourite>
	<favourite name="Movies 8945" thumb="http://94.225.89.45:32400/photo/:/transcode?url=http%3A%2F%2Flocalhost%3A32400%2F%3A%2Fresources%2Fmovie.png&amp;width=720&amp;height=720 | X-Plex-Platform=KODI&amp;X-Plex-Client-Platform=KODI&amp;X-Plex-Device-Name=My%20PleXBMC%20Client&amp;X-Plex-Provides=player&amp;X-Plex-Model=unknown&amp;X-Plex-Platform-Version=Linux/RPi&amp;X-Plex-Client-Identifier=409751cb-e21b-4e86-ad6f-e360d23010ef&amp;X-Plex-Device=PleXBMC&amp;X-Plex-Product=PleXBMC&amp;X-Plex-Language=en&amp;X-Plex-Version=1.0.1">ActivateWindow(10025,&quot;plugin://plugin.video.multi-plex/?mode=0&amp;url=http%3a%2f%2f94.225.89.45%3a32400%2flibrary%2fsections%2f1%2fall&quot;,return)</favourite>
	<favourite name="Movies 4209" thumb="http://99.243.114.209:32400/photo/:/transcode?url=http%3A%2F%2Flocalhost%3A32400%2F%3A%2Fresources%2Fmovie.png&amp;width=720&amp;height=720 | X-Plex-Platform=KODI&amp;X-Plex-Client-Platform=KODI&amp;X-Plex-Device-Name=My%20PleXBMC%20Client&amp;X-Plex-Provides=player&amp;X-Plex-Model=unknown&amp;X-Plex-Platform-Version=Linux/RPi&amp;X-Plex-Client-Identifier=409751cb-e21b-4e86-ad6f-e360d23010ef&amp;X-Plex-Device=PleXBMC&amp;X-Plex-Product=PleXBMC&amp;X-Plex-Language=en&amp;X-Plex-Version=1.0.1">ActivateWindow(10025,&quot;plugin://plugin.video.multi-plex/?mode=0&amp;url=http%3a%2f%2f99.243.114.209%3a32400%2flibrary%2fsections%2f1%2fall&quot;,return)</favourite>
	<favourite name="Movies 2587" thumb="http://82.75.225.87:32400/photo/:/transcode?url=http%3A%2F%2Flocalhost%3A32400%2F%3A%2Fresources%2Fmovie.png&amp;width=720&amp;height=720 | X-Plex-Platform=KODI&amp;X-Plex-Client-Platform=KODI&amp;X-Plex-Device-Name=My%20PleXBMC%20Client&amp;X-Plex-Provides=player&amp;X-Plex-Model=unknown&amp;X-Plex-Platform-Version=Linux/RPi&amp;X-Plex-Client-Identifier=409751cb-e21b-4e86-ad6f-e360d23010ef&amp;X-Plex-Device=PleXBMC&amp;X-Plex-Product=PleXBMC&amp;X-Plex-Language=en&amp;X-Plex-Version=1.0.1">ActivateWindow(10025,&quot;plugin://plugin.video.multi-plex/?mode=0&amp;url=http%3a%2f%2f82.75.225.87%3a32400%2flibrary%2fsections%2f1%2fall&quot;,return)</favourite>
	<favourite name="Movies 5181" thumb="http://78.72.135.181:32400/photo/:/transcode?url=http%3A%2F%2Flocalhost%3A32400%2F%3A%2Fresources%2Fmovie.png&amp;width=720&amp;height=720 | X-Plex-Platform=KODI&amp;X-Plex-Client-Platform=KODI&amp;X-Plex-Device-Name=My%20PleXBMC%20Client&amp;X-Plex-Provides=player&amp;X-Plex-Model=unknown&amp;X-Plex-Platform-Version=Linux/RPi&amp;X-Plex-Client-Identifier=409751cb-e21b-4e86-ad6f-e360d23010ef&amp;X-Plex-Device=PleXBMC&amp;X-Plex-Product=PleXBMC&amp;X-Plex-Language=en&amp;X-Plex-Version=1.0.1">ActivateWindow(10025,&quot;plugin://plugin.video.multi-plex/?mode=0&amp;url=http%3a%2f%2f78.72.135.181%3a32400%2flibrary%2fsections%2f9%2fall&quot;,return)</favourite>
	<favourite name="Movies 2278" thumb="http://81.83.222.78:32400/photo/:/transcode?url=http%3A%2F%2Flocalhost%3A32400%2F%3A%2Fresources%2Fmovie.png&amp;width=720&amp;height=720 | X-Plex-Platform=KODI&amp;X-Plex-Client-Platform=KODI&amp;X-Plex-Device-Name=My%20PleXBMC%20Client&amp;X-Plex-Provides=player&amp;X-Plex-Model=unknown&amp;X-Plex-Platform-Version=Linux/RPi&amp;X-Plex-Client-Identifier=409751cb-e21b-4e86-ad6f-e360d23010ef&amp;X-Plex-Device=PleXBMC&amp;X-Plex-Product=PleXBMC&amp;X-Plex-Language=en&amp;X-Plex-Version=1.0.1">ActivateWindow(10025,&quot;plugin://plugin.video.multi-plex/?mode=0&amp;url=http%3a%2f%2f81.83.222.78%3a32400%2flibrary%2fsections%2f1%2fall&quot;,return)</favourite>
	<favourite name="Movies 1218" thumb="http://135.23.91.218:32400/photo/:/transcode?url=http%3A%2F%2Flocalhost%3A32400%2F%3A%2Fresources%2Fmovie.png&amp;width=720&amp;height=720 | X-Plex-Platform=KODI&amp;X-Plex-Client-Platform=KODI&amp;X-Plex-Device-Name=My%20PleXBMC%20Client&amp;X-Plex-Provides=player&amp;X-Plex-Model=unknown&amp;X-Plex-Platform-Version=Linux/RPi&amp;X-Plex-Client-Identifier=409751cb-e21b-4e86-ad6f-e360d23010ef&amp;X-Plex-Device=PleXBMC&amp;X-Plex-Product=PleXBMC&amp;X-Plex-Language=en&amp;X-Plex-Version=1.0.1">ActivateWindow(10025,&quot;plugin://plugin.video.multi-plex/?mode=0&amp;url=http%3a%2f%2f135.23.91.218%3a32400%2flibrary%2fsections%2f1%2fall&quot;,return)</favourite>
	<favourite name="Movies 1188" thumb="http://91.121.11.88:32400/photo/:/transcode?url=http%3A%2F%2Flocalhost%3A32400%2F%3A%2Fresources%2Fmovie.png&amp;width=720&amp;height=720 | X-Plex-Platform=KODI&amp;X-Plex-Client-Platform=KODI&amp;X-Plex-Device-Name=My%20PleXBMC%20Client&amp;X-Plex-Provides=player&amp;X-Plex-Model=unknown&amp;X-Plex-Platform-Version=Linux/RPi&amp;X-Plex-Client-Identifier=409751cb-e21b-4e86-ad6f-e360d23010ef&amp;X-Plex-Device=PleXBMC&amp;X-Plex-Product=PleXBMC&amp;X-Plex-Language=en&amp;X-Plex-Version=1.0.1">ActivateWindow(10025,&quot;plugin://plugin.video.multi-plex/?mode=0&amp;url=http%3a%2f%2f91.121.11.88%3a32400%2flibrary%2fsections%2f1%2fall&quot;,return)</favourite>
	<favourite name="Movies 1151" thumb="http://98.220.91.151:32400/photo/:/transcode?url=http%3A%2F%2Flocalhost%3A32400%2F%3A%2Fresources%2Fmovie.png&amp;width=720&amp;height=720 | X-Plex-Platform=KODI&amp;X-Plex-Client-Platform=KODI&amp;X-Plex-Device-Name=My%20PleXBMC%20Client&amp;X-Plex-Provides=player&amp;X-Plex-Model=unknown&amp;X-Plex-Platform-Version=Linux/RPi&amp;X-Plex-Client-Identifier=409751cb-e21b-4e86-ad6f-e360d23010ef&amp;X-Plex-Device=PleXBMC&amp;X-Plex-Product=PleXBMC&amp;X-Plex-Language=en&amp;X-Plex-Version=1.0.1">ActivateWindow(10025,&quot;plugin://plugin.video.multi-plex/?mode=0&amp;url=http%3a%2f%2f98.220.91.151%3a32400%2flibrary%2fsections%2f1%2fall&quot;,return)</favourite>
	<favourite name="Movies 1063" thumb="http://83.82.10.63:32400/photo/:/transcode?url=http%3A%2F%2Flocalhost%3A32400%2F%3A%2Fresources%2Fmovie.png&amp;width=720&amp;height=720 | X-Plex-Platform=KODI&amp;X-Plex-Client-Platform=KODI&amp;X-Plex-Device-Name=My%20PleXBMC%20Client&amp;X-Plex-Provides=player&amp;X-Plex-Model=unknown&amp;X-Plex-Platform-Version=Linux/RPi&amp;X-Plex-Client-Identifier=409751cb-e21b-4e86-ad6f-e360d23010ef&amp;X-Plex-Device=PleXBMC&amp;X-Plex-Product=PleXBMC&amp;X-Plex-Language=en&amp;X-Plex-Version=1.0.1">ActivateWindow(10025,&quot;plugin://plugin.video.multi-plex/?mode=0&amp;url=http%3a%2f%2f83.82.10.63%3a32400%2flibrary%2fsections%2f1%2fall&quot;,return)</favourite>
	<favourite name="All Films anime" thumb="http://82.75.225.87:32400/photo/:/transcode?url=http%3A%2F%2Flocalhost%3A32400%2F%3A%2Fresources%2Fmovie.png&amp;width=720&amp;height=720 | X-Plex-Platform=KODI&amp;X-Plex-Client-Platform=KODI&amp;X-Plex-Device-Name=My%20PleXBMC%20Client&amp;X-Plex-Provides=player&amp;X-Plex-Model=unknown&amp;X-Plex-Platform-Version=Linux/RPi&amp;X-Plex-Client-Identifier=409751cb-e21b-4e86-ad6f-e360d23010ef&amp;X-Plex-Device=PleXBMC&amp;X-Plex-Product=PleXBMC&amp;X-Plex-Language=en&amp;X-Plex-Version=1.0.1">ActivateWindow(10025,&quot;plugin://plugin.video.multi-plex/?mode=0&amp;url=http%3a%2f%2f82.75.225.87%3a32400%2flibrary%2fsections%2f2%2fall&quot;,return)</favourite>
	<favourite name="Movies 0111" thumb="http://83.128.220.111:32400/photo/:/transcode?url=http%3A%2F%2Flocalhost%3A32400%2F%3A%2Fresources%2Fmovie.png&amp;width=720&amp;height=720 | X-Plex-Platform=KODI&amp;X-Plex-Client-Platform=KODI&amp;X-Plex-Device-Name=My%20PleXBMC%20Client&amp;X-Plex-Provides=player&amp;X-Plex-Model=unknown&amp;X-Plex-Platform-Version=Linux/RPi&amp;X-Plex-Client-Identifier=409751cb-e21b-4e86-ad6f-e360d23010ef&amp;X-Plex-Device=PleXBMC&amp;X-Plex-Product=PleXBMC&amp;X-Plex-Language=en&amp;X-Plex-Version=1.0.1">ActivateWindow(10025,&quot;plugin://plugin.video.multi-plex/?mode=0&amp;url=http%3a%2f%2f83.128.220.111%3a32400%2flibrary%2fsections%2f1%2fall&quot;,return)</favourite>
	<favourite name="Movie Classics" thumb="http://77.97.96.81:32400/photo/:/transcode?url=http%3A%2F%2Flocalhost%3A32400%2F%3A%2Fresources%2Fmovie.png&amp;width=720&amp;height=720 | X-Plex-Platform=KODI&amp;X-Plex-Client-Platform=KODI&amp;X-Plex-Device-Name=My%20PleXBMC%20Client&amp;X-Plex-Provides=player&amp;X-Plex-Model=unknown&amp;X-Plex-Platform-Version=Linux/RPi&amp;X-Plex-Client-Identifier=409751cb-e21b-4e86-ad6f-e360d23010ef&amp;X-Plex-Device=PleXBMC&amp;X-Plex-Product=PleXBMC&amp;X-Plex-Language=en&amp;X-Plex-Version=1.0.1">ActivateWindow(10025,&quot;plugin://plugin.video.multi-plex/?mode=0&amp;url=http%3a%2f%2f77.97.96.81%3a32400%2flibrary%2fsections%2f2%2fall&quot;,return)</favourite>
	<favourite name="All Collections" thumb="http://77.97.96.81:32400/photo/:/transcode?url=http%3A%2F%2Flocalhost%3A32400%2F%3A%2Fresources%2Fmovie.png&amp;width=720&amp;height=720 | X-Plex-Platform=KODI&amp;X-Plex-Client-Platform=KODI&amp;X-Plex-Device-Name=My%20PleXBMC%20Client&amp;X-Plex-Provides=player&amp;X-Plex-Model=unknown&amp;X-Plex-Platform-Version=Linux/RPi&amp;X-Plex-Client-Identifier=409751cb-e21b-4e86-ad6f-e360d23010ef&amp;X-Plex-Device=PleXBMC&amp;X-Plex-Product=PleXBMC&amp;X-Plex-Language=en&amp;X-Plex-Version=1.0.1">ActivateWindow(10025,&quot;plugin://plugin.video.multi-plex/?mode=0&amp;url=http%3a%2f%2f77.97.96.81%3a32400%2flibrary%2fsections%2f13%2fall&quot;,return)</favourite>
	<favourite name="All Comedy" thumb="http://77.97.96.81:32400/photo/:/transcode?url=http%3A%2F%2Flocalhost%3A32400%2F%3A%2Fresources%2Fmovie.png&amp;width=720&amp;height=720 | X-Plex-Platform=KODI&amp;X-Plex-Client-Platform=KODI&amp;X-Plex-Device-Name=My%20PleXBMC%20Client&amp;X-Plex-Provides=player&amp;X-Plex-Model=unknown&amp;X-Plex-Platform-Version=Linux/RPi&amp;X-Plex-Client-Identifier=409751cb-e21b-4e86-ad6f-e360d23010ef&amp;X-Plex-Device=PleXBMC&amp;X-Plex-Product=PleXBMC&amp;X-Plex-Language=en&amp;X-Plex-Version=1.0.1">ActivateWindow(10025,&quot;plugin://plugin.video.multi-plex/?mode=0&amp;url=http%3a%2f%2f77.97.96.81%3a32400%2flibrary%2fsections%2f12%2fall&quot;,return)</favourite>
	<favourite name="Movies 1277" thumb="">ActivateWindow(10025,&quot;plugin://plugin.video.multi-plex/?mode=0&amp;url=http%3a%2f%2f50.156.112.77%3a32400%2flibrary%2fsections%2f1%2fall&quot;,return)</favourite>
	<favourite name="Movies 5474" thumb="">ActivateWindow(10025,&quot;plugin://plugin.video.multi-plex/?mode=0&amp;url=http%3a%2f%2f81.174.154.74%3a32400%2flibrary%2fsections%2f14%2fall&quot;,return)</favourite>
	<favourite name="Movies 0972" thumb="">ActivateWindow(10025,&quot;plugin://plugin.video.multi-plex/?mode=0&amp;url=http%3a%2f%2f91.121.209.72%3a32400%2flibrary%2fsections%2f2%2fall&quot;,return)</favourite>
	<favourite name="Movies 0136" thumb="">ActivateWindow(10025,&quot;plugin://plugin.video.multi-plex/?mode=0&amp;url=http%3a%2f%2f86.11.150.136%3a32400%2flibrary%2fsections%2f1%2fall&quot;,return)</favourite>
	<favourite name="Movies 7132" thumb="">ActivateWindow(10025,&quot;plugin://plugin.video.multi-plex/?mode=0&amp;url=http%3a%2f%2f161.53.207.132%3a32400%2flibrary%2fsections%2f1%2fall&quot;,return)</favourite>
	<favourite name="Movies 6821" thumb="">ActivateWindow(10025,&quot;plugin://plugin.video.multi-plex/?mode=0&amp;url=http%3a%2f%2f24.155.68.21%3a32400%2flibrary%2fsections%2f2%2fall&quot;,return)</favourite>
	<favourite name="Movies 0265" thumb="">ActivateWindow(10025,&quot;plugin://plugin.video.multi-plex/?mode=0&amp;url=http%3a%2f%2f124.191.102.65%3a32400%2flibrary%2fsections%2f1%2fall&quot;,return)</favourite>
	<favourite name="Movies 5124" thumb="">ActivateWindow(10025,&quot;plugin://plugin.video.multi-plex/?mode=0&amp;url=http%3a%2f%2f81.98.225.124%3a32400%2flibrary%2fsections%2f1%2fall&quot;,return)</favourite>
	<favourite name="Vod Movies" thumb="">ActivateWindow(10025,&quot;http://178.162.214.232/vod/movies/english/&quot;,return)</favourite>
	<favourite name="Movies 5372" thumb="">ActivateWindow(10025,&quot;plugin://plugin.video.multi-plex/?mode=0&amp;url=http%3a%2f%2f82.38.53.72%3a32400%2flibrary%2fsections%2f1%2fall&quot;,return)</favourite>
	<favourite name="Movies 3211" thumb="">ActivateWindow(10025,&quot;plugin://plugin.video.multi-plex/?mode=0&amp;url=http%3a%2f%2f84.92.93.211%3a32400%2flibrary%2fsections%2f1%2fall&quot;,return)</favourite>
	<favourite name="Family Movies" thumb="">ActivateWindow(10025,&quot;plugin://plugin.video.multi-plex/?mode=0&amp;url=http%3a%2f%2f73.239.60.120%3a32400%2flibrary%2fsections%2f2%2fall&quot;,return)</favourite>
	<favourite name="Movies 0120" thumb="">ActivateWindow(10025,&quot;plugin://plugin.video.multi-plex/?mode=0&amp;url=http%3a%2f%2f73.239.60.120%3a32400%2flibrary%2fsections%2f1%2fall&quot;,return)</favourite>
	<favourite name="Yify Streams" thumb="special://home/addons/plugin.video.streamyifyER/icons/icon.png">ActivateWindow(10025,&quot;plugin://plugin.video.streamyifyER/?mode=GetTitles&amp;numOfPages=1&amp;section=ALL&amp;startPage=1&amp;url=http%3a%2f%2fstreamyify.com%2f%2fcategory%2fbrrip%2f&amp;sf_options=fanart%3Dspecial%3A%2F%2Fhome%2Faddons%2Fplugin.video.streamyifyER%2Ficons%2Ffanart.jpg%26meta%3Dlabel%253D%25255BB%25255DLatest%252BBrrip%252B%25255B%25252FB%25255D%25253E%25253E%2526castandrole%253D%25255B%25255D%2526title%253D%25255BB%25255DLatest%252BBrrip%252B%25255B%25252FB%25255D%25253E%25253E%26_options_sf&quot;,return)</favourite>
</favourites>