<?xml version="1.0" encoding="UTF-8" standalone="yes"?>
<addon id="repository.unofficialquasar" name="[COLOR red]Unofficial[/COLOR] [COLOR FF005de5]Quasar[/COLOR] Repo" version="1.0.0" provider-name="iCanuck">
	<extension point="xbmc.addon.repository" name="Unofficial Quasar Repo">	   
        <info compressed="false">http://offshoregit.com/iCanuck/Unofficial-Quasar-Repo/addons.xml</info>
        <checksum>http://offshoregit.com/iCanuck/Unofficial-Quasar-Repo/addons.xml.md5</checksum>
        <datadir zip="true">http://offshoregit.com/iCanuck/Unofficial-Quasar-Repo/zips/</datadir>		
	</extension>
	<extension point="xbmc.addon.metadata">
		<summary>Install Quasar and Providers</summary>
		<description>Download and install Quasar and Providers</description>
		<disclaimer>The owners and submitters to this repository do not host or distribute any of the content displayed by these addons nor do they have any affiliation with the content providers.</disclaimer>
		<platform>all</platform>
		<license>GNU GENERAL PUBLIC LICENSE. Version 3, June 2007</license>
	</extension>
</addon>
