<?xml version="1.0" encoding="UTF-8" standalone="yes"?>
<addon id="plugin.video.nys"
       name="NYS Nederlandse YouTube Selectie"
       version="1.0"
       provider-name="XvBMC">
  <requires>
    <import addon="xbmc.python" version="2.1.0"/>
	<import addon="script.module.t0mm0.common" version="2.0.0"/>
    <import addon="script.module.simple.downloader" version="0.9.4"/>
	<import addon="script.module.beautifulsoup" version="3.2.1"/>
    <import addon="script.module.requests" />
    <import addon="script.module.httplib2" />
    <import addon="script.module.youtube.dl" optional="true"/>
    <import addon="plugin.video.youtube" version="3.0.0"/>
    <import addon="script.module.simplejson" /> 
  </requires>
  <extension point="xbmc.python.pluginsource" library="default.py">
    <provides>video</provides>
  </extension>
  <extension point="xbmc.addon.metadata">
    <summary lang="en">NYS Nederlandse YouTube Selectie</summary>
	<summary lang="nl">NYS Nederlandse YouTube Selectie</summary>
    <description lang="en">A collection of mainly Dutch YouTube users and channels</description>
	<description lang="nl">Een selectie van voornamelijk Nederlandse YouTube gebruikers en kanalen</description>
    <platform>all</platform>
  </extension>
</addon>
