<?xml version="1.0" encoding="UTF-8" standalone="yes"?>
<addon id="repository.unofficialsportsdevil" name="Unofficial SportsDevil REPO (NOT! NL)" version="1.0.0" provider-name="unofficialsportsdevil">
 <extension point="xbmc.addon.repository" name="Unofficial SportsDevil REPO (NOT! NL)">
  <dir>
   <info compressed="false">https://offshoregit.com/tvaresolvers/tva-common-repository/raw/master/addons.xml</info>
   <checksum>https://offshoregit.com/tvaresolvers/tva-common-repository/raw/master/addons.xml.md5</checksum>
   <datadir zip="true">https://offshoregit.com/tvaresolvers/tva-common-repository/raw/master/zips/</datadir>
  </dir>
  <info compressed="false">https://offshoregit.com/unofficialsportsdevil/addons.xml</info>
  <checksum>https://offshoregit.com/unofficialsportsdevil/addons.xml.md5</checksum>
  <datadir zip="true">https://offshoregit.com/unofficialsportsdevil/</datadir>
 </extension>
 <extension point="xbmc.addon.metadata">
  <summary>Unofficial SportsDevil (NOT! NL) Updates for Kodi</summary>
  <description>Unofficial SportsDevil (NOT! NL) Updates for Kodi</description>
  <disclaimer>XvBMC-NL NOTE: original SportsDevil *ONLY* so not the NL-version.</disclaimer>
  <platform>all</platform>
  <forum>https://forums.tvaddons.ag/sportsdevil-addon-for-kodi/</forum>
  <website>https://www.tvaddons.ag/forums/sportsdevil-addon-for-kodi/32238-sportsdevil-plugin-info-librtmp.html</website>
  <source>https://www.tvaddons.ag/forums/sportsdevil-addon-for-kodi/32238-sportsdevil-plugin-info-librtmp.html</source>
 </extension>
</addon>
