<?xml version="1.0" encoding="UTF-8" standalone="yes"?>
<addon id="plugin.video.noxmusic"
       name="Nox Music"
       version="1.0.4"
       provider-name="XvBMC-NL">
  <requires>
    <import addon="repository.xvbmc" version="4.2.0"/>
    <import addon="xbmc.python" version="2.1.0"/>
    <import addon="plugin.video.youtube" version="5.4"/>
  </requires>
  <extension point="xbmc.python.pluginsource" library="default.py">
    <provides>video</provides>
  </extension>
  <extension point="xbmc.addon.metadata">
    <summary>XvBMC MUZIEK COLLECTIE</summary>
    <description>Youtube (Muziek) Streams</description>
    <disclaimer>XvBMC Nederland Youtube Lekker Chillen Streams (USE_AT_YOUR!_OWN!_RISK!) ---> more info @ http://bit.ly/XvBMC-NL</disclaimer>
    <platform>all</platform>
    <license>GNU GENERAL PUBLIC LICENSE. Version 3, June 2007</license>
    <forum>https://www.fb.com/groups/XvBMCnederland/</forum>
    <website>http://bit.ly/XvBMC-NL</website>
    <source>https://www.facebook.com/groups/XvBMCnederland/</source>
    <news>[B]Version 1.0.4[/B]: Updates</news>
    <assets>
        <icon>icon.png</icon>
        <fanart>fanart.jpg</fanart>
        <screenshot></screenshot>
    </assets>
  </extension>
</addon>
