﻿<?xml version="1.0" encoding="UTF-8" standalone="yes"?>
<addon id="plugin.video.genesis" name="Specto EPiC Genesis FORK (EOL)" version="2016.06.01.1" provider-name="mrknow (EPiC XvBMC *fork*)" >
	<requires>
		<import addon="xbmc.python" version="2.1.0" />
		<import addon="repository.xvbmc" version="3.0.1" />
		<import addon="script.module.requests" version="1.0.0" />
		<import addon="script.module.metahandler" />
		<import addon="plugin.video.youtube" optional="true" />

	</requires>
	<extension point="xbmc.python.pluginsource" library="default.py">
		<provides>video</provides>
	</extension>
	<extension point="xbmc.service" library="service.py" start="startup" />
	<extension point="xbmc.addon.metadata">
		<summary lang="en">Mrknow fork of GENESiS ; EPiC fork *now* End-Of-Life (XvBMC TiP: USE Salts HD/RD Lite)</summary>
		<description lang="en">Mrknow Specto-fork of GENESiS; *official Specto support* @ https://github.com/mrknow/filmkodi/issues (XvBMC TiP: USE Salts HD/RD Lite) EPiC fork *now* End-Of-Life</description>
		<disclaimer lang="en">The author does not host or distribute any of the content displayed by this addon. The author does not have any affiliation with the content provider. (XvBMC TiP: USE Salts HD/RD Lite) EPiC fork *now* End-Of-Life.</disclaimer>
		<forum>https://github.com/mrknow/filmkodi/issues</forum>
		<source>http://filmkodi.com/repository/</source>
		<website>http://filmkodi.com/en/wtyczka-specto-fork-genesis/</website>
		<platform>all</platform>
	</extension>
</addon>
