<window id="9998">
    <defaultcontrol always="false">200</defaultcontrol>
    <coordinates>
        <system>1</system>
        <posx>385</posx>
        <posy>60</posy>
    </coordinates>
    <include>dialogeffect</include>
    <controls>
        <control type="group">
            <include>VisibleFadeEffect</include>
            <control type="image">
                <description>Background Image</description>
                <posx>0</posx>
                <posy>0</posy>
                <width>510</width>
                <height>600</height>
                <texture border="40">DialogBack2.png</texture>
            </control>
            <control type="image">
                <description>Dialog Header image</description>
                <posx>40</posx>
                <posy>16</posy>
                <width>450</width>
                <height>40</height>
                <texture>dialogheader.png</texture>
            </control>
            <control type="label" id="100">
                <description>header label</description>
                <posx>40</posx>
                <posy>20</posy>
                <width>450</width>
                <height>30</height>
                <font>font13_title</font>
                <label>$ADDON[plugin.video.salts-modified 30666]</label>
                <align>center</align>
                <aligny>center</aligny>
                <textcolor>darkorange</textcolor>
                <shadowcolor>black</shadowcolor>
            </control>
            <control type="button">
                <description>Close Window button</description>
                <posx>420</posx>
                <posy>15</posy>
                <width>64</width>
                <height>32</height>
                <label>-</label>
                <font>-</font>
                <onclick>PreviousMenu</onclick>
                <texturefocus>DialogCloseButton-focus.png</texturefocus>
                <texturenofocus>DialogCloseButton.png</texturenofocus>
                <visible>system.getbool(input.enablemouse)</visible>
            </control>
        </control>
        <control type="group" id="9001">
            <control type="button" id="200">
                <description>Continue Button</description>
                <posx>30</posx>
                <posy>530</posy>
                <width>220</width>
                <height>40</height>
                <align>center</align>
                <aligny>center</aligny>
                <label>$ADDON[plugin.video.salts-modified 30667]</label>
                <font>font12_title</font>
                <textoffsetx>10</textoffsetx>
                <ondown>201</ondown>
                <onright>201</onright>
            </control>
            <control type="button" id="201">
                <description>Cancel Button</description>
                <posx>260</posx>
                <posy>530</posy>
                <width>220</width>
                <height>40</height>
                <align>center</align>
                <aligny>center</aligny>
                <label>$ADDON[plugin.video.salts-modified 30668]</label>
                <font>font12_title</font>
                <textoffsetx>10</textoffsetx>
                <onup>200</onup>
                <onleft>200</onleft>
                <ondown>202</ondown>
                <onright>202</onright>
            </control>
        </control>
    </controls>
</window>
