<?xml version="1.0" encoding="UTF-8"?>
<addon
  id="plugin.video.SportsDevilNL"
  version="2017.02.06.NL"
  name="SportsDevilNL (no more support)"
  provider-name="Hubbab3, Jairox, Sattekop, XvBMC, MaxMustermann, Al101">
  <requires>
   <import addon="xbmc.python" version="2.14.0"/>
   <import addon="repository.xvbmc" version="4.0.1"/>
   <import addon="repository.unofficialsportsdevil" version="1.0.0" optional="true"/>
   <import addon="script.module.simplejson" />
   <import addon="script.module.six" />
   <import addon="script.module.requests" />
   <import addon="script.module.livestreamer" />
   <import addon="script.module.pydevd" version="4.4.0" optional="true"/>
   <import addon="plugin.video.SportsDevil" version="2016.12.31"/>
  </requires>
  <extension 
    point="xbmc.python.pluginsource"
    library="default.py">
   <provides>video</provides>
  </extension>
<!-- <extension											-->
<!--	point="xbmc.python.script"						-->
<!--	library="lib/livestreamerXBMCLocalProxy.py" />	-->
  <extension point="xbmc.addon.metadata">
    <summary>*No more support SportsDevilNL* use the official addon: https://forums.tvaddons.ag/sportsdevil-addon-for-kodi/32238-sportsdevil-plugin-info-librtmp.html</summary>
    <description>*No more support SportsDevilNL* use the official addon: https://forums.tvaddons.ag/sportsdevil-addon-for-kodi/32238-sportsdevil-plugin-info-librtmp.html (ALL ORIGINAL CREDiTS -2- Hubbab3, Jairox, Sattekop, MaxMustermann, Al101); Unofficial Repo @ https://seo-michael.co.uk/how-to-install-unofficial-sportsdevil-repo/</description>
    <license>GNU GENERAL PUBLIC LICENSE. Version 2, June 1991</license>
	<forum>https://forums.tvaddons.ag/sportsdevil-addon-for-kodi/32238-sportsdevil-plugin-info-librtmp-57.html</forum>
	<source>https://forums.tvaddons.ag/sportsdevil-addon-for-kodi/32238-sportsdevil-plugin-info-librtmp-57.html</source>
	<website>https://forums.tvaddons.ag/sportsdevil-addon-for-kodi/32238-sportsdevil-plugin-info-librtmp-57.html</website>
    <platform>all</platform>
  </extension>
</addon>
