<?xml version="1.0" encoding="UTF-8"?>
<!--suppress ALL -->
<addon id="plugin.video.saltZ" version="2.0.109b" name="Stream All The SourcezZz" provider-name="tknorris (mod by scott marten)">
    <requires>
        <import addon="xbmc.python" version="2.1.0"/>
        <import addon="script.module.urlresolver" version="2.2.0"/>
        <import addon="script.module.myconnpy" version="1.1.6" />
    </requires>
    <extension point="xbmc.python.pluginsource" library="default.py">
        <provides>video</provides>
    </extension>
     <extension point="xbmc.service" library="service.py" start="startup"/>
    <extension point="xbmc.addon.metadata">
        <summary>Stream video from many difference sources</summary>
        <description>This is the mod version of Salts by Scott Marten. After instal, run the Auto-Configure SALTS option from the settings menu.</description>
        <platform>all</platform>
        <updates>movietv scraper fix</updates>
		<forum>http://forums.tvaddons.ag/forums/180-TKNORRIS-RELEASE-REPOSITORY</forum>
	</extension>
</addon>
