<?xml version="1.0" encoding="UTF-8"?>
<addon
  id="plugin.video.SportsDevilNL"
  version="2017.02.03.NL3"
  name="SportsDevilNL (EndOfLife)"
  provider-name="Hubbab3, Jairox, Sattekop, EPiC XvBMC, MaxMustermann, Al101">
  <requires>
   <import addon="repository.xvbmc" version="4.0.1"/>
   <import addon="xbmc.python" version="2.14.0"/>
   <import addon="repository.unofficialsportsdevil" version="1.0.0" optional="true"/>
   <import addon="script.module.simplejson" />
   <import addon="script.module.six" />
   <import addon="script.module.requests" />
   <import addon="script.module.livestreamer" />
   <import addon="script.module.pydevd" version="4.4.0" optional="true"/>
   <import addon="plugin.video.SportsDevil" version="2016.12.31"/>
  </requires>
  <extension 
    point="xbmc.python.pluginsource"
    library="default.py">
   <provides>video</provides>
  </extension>
<!-- <extension											-->
<!--	point="xbmc.python.script"						-->
<!--	library="lib/livestreamerXBMCLocalProxy.py" />	-->
  <extension point="xbmc.addon.metadata">
    <summary>'End Of Life': Play videos of different sports streaming sites (+NL-sausje +XvBMC-NL_versionnr.) *No more support SportsDevilNL*</summary>
    <description>'End Of Life': Play videos of different sports streaming sites (ALL CREDiTS -2- Hubbab3, Jairox, Sattekop, MaxMustermann, Al101) *No more support SportsDevilNL*</description>
    <license>GNU GENERAL PUBLIC LICENSE. Version 2, June 1991</license>
	<forum>https://forums.tvaddons.ag/sportsdevil-addon-for-kodi/32238-sportsdevil-plugin-info-librtmp-57.html</forum>
	<source>https://forums.tvaddons.ag/sportsdevil-addon-for-kodi/32238-sportsdevil-plugin-info-librtmp-57.html</source>
	<website>https://forums.tvaddons.ag/sportsdevil-addon-for-kodi/32238-sportsdevil-plugin-info-librtmp-57.html</website>
    <platform>all</platform>
  </extension>
</addon>
