<?xml version="1.0" encoding="UTF-8" standalone="yes"?>
<addon id="repository.xvbmc" name=" [COLOR lime][B]X[/B][/COLOR]vBMC (Add-ons) REPOsitory" version="4.0.0" provider-name="EPiC XvBMC Nederland">
	<extension point="xbmc.addon.repository" name=" [COLOR lime][B]X[/B][/COLOR]vBMC (Add-ons) REPOsitory">
		<dir>
			<info compressed="false">https://raw.githubusercontent.com/XvBMC/repository.xvbmc/master/xvbmc-addons.xml</info>
			<checksum>https://raw.githubusercontent.com/XvBMC/repository.xvbmc/master/xvbmc-addons.xml.md5</checksum>
			<datadir zip="true">https://raw.githubusercontent.com/XvBMC/repository.xvbmc/master/zips/</datadir>
			<hashes>false</hashes>
		</dir>
		<dir>
			<info compressed="false">https://raw.githubusercontent.com/XvBMC/repository.xvbmc/master/REPOsitory/xvbmc-addons.xml</info>
			<checksum>https://raw.githubusercontent.com/XvBMC/repository.xvbmc/master/REPOsitory/xvbmc-addons.xml.md5</checksum>
			<datadir zip="true">https://raw.githubusercontent.com/XvBMC/repository.xvbmc/master/REPOsitory/zips/</datadir>
			<hashes>false</hashes>
		</dir>
		<dir>
			<info compressed="false">https://raw.githubusercontent.com/XvBMC/repository.xvbmc/master/Dependencies/xvbmc-addons.xml</info>
			<checksum>https://raw.githubusercontent.com/XvBMC/repository.xvbmc/master/Dependencies/xvbmc-addons.xml.md5</checksum>
			<datadir zip="true">https://raw.githubusercontent.com/XvBMC/repository.xvbmc/master/Dependencies/zips/</datadir>
			<hashes>false</hashes>
		</dir>
		<dir>
			<info compressed="false">https://offshoregit.com/tvaresolvers/tva-common-repository/raw/master/addons.xml</info>
			<checksum>https://offshoregit.com/tvaresolvers/tva-common-repository/raw/master/addons.xml.md5</checksum>
			<datadir zip="true">https://offshoregit.com/tvaresolvers/tva-common-repository/raw/master/zips/</datadir>
		</dir>
		<info compressed="false">https://raw.github.com/XvBMC/repository.xvbmc/master/xvbmc-addons.xml</info>
		<checksum>https://raw.github.com/XvBMC/repository.xvbmc/master/xvbmc-addons.xml.md5</checksum>
		<datadir zip="true">https://raw.github.com/XvBMC/repository.xvbmc/master/zips/</datadir>
		<hashes>false</hashes>
	</extension>
	<extension point="xbmc.addon.metadata">
		<summary lang="en">XvBMC The Netherlands (Add-ons) REPOsitory</summary>
		<summary lang="nl">XvBMC Nederland (Add-ons) REPOsitory</summary>
		<description lang="en">XvBMC The Netherlands (Add-ons) Repository | XvBMC-NL (Add-on) Depot  |  be sure to check out our FB-page: http://bit.ly/XvBMC-NL !!! USE AT YOUR OWN RISK !!!</description>
		<description lang="nl">XvBMC Nederland (Add-ons) Repository | XvBMC-NL (Add-on) Depot  |  en volg zeker ook onze Facebook pagina: http://bit.ly/XvBMC-NL !!! USE AT YOUR OWN RISK !!!</description>
		<disclaimer lang="en">The owners and submitters to this repository do not host or distribute any of the content displayed by these add-ons nor do they have any affiliation with its content. Please Read: https://raw.githubusercontent.com/XvBMC/repository.xvbmc/master/LICENSE ...just because you can  ;)  !!! USE-AT-YOUR-OWN-RISK !!!</disclaimer>
		<disclaimer lang="nl">The owners and submitters to this repository do not host or distribute any of the content displayed by these add-ons nor do they have any affiliation with its content. Please Read: https://raw.githubusercontent.com/XvBMC/repository.xvbmc/master/LICENSE ...just because you can  ;)  !!! USE-AT-YOUR-OWN-RISK !!!</disclaimer>
		<platform>all</platform>
		<license>GNU GENERAL PUBLIC LICENSE. Version 3, June 2007</license>
		<forum>https://www.fb.com/groups/XvBMCnederland/</forum>
		<website>http://bit.ly/XvBMC-NL</website>
		<source>https://archive.org/download/repository.xvbmc/</source>
	</extension>
</addon>