<?xml version="1.0" encoding="UTF-8"?>
<addon id="script.openelec.rpi2.overclock.wizard"
       name="OpenELEC RPi2 Overclock Wizard"
       version="1.20.3"
       provider-name="Leopold Mod by Scott Marten">
  <requires>
    <import addon="xbmc.python" version="2.1.0"/>
    <import addon="os.openelec.tv" version="2.0" optional="false"/>
  </requires>
  <extension point="xbmc.service" library="service.py" start="startup"/>
  <extension point="xbmc.python.script" library="default.py"/>
  <extension point="xbmc.addon.metadata">
    <platform>all</platform>
    <summary>Unofficial Raspberry Pi Overclock Wizard for OpenELEC</summary>
    <description>This Kodi add-on for OpenELEC allows Raspberry Pi settings such as overclocking to be configured without having to manually edit /flash/config.txt.</description>
    <disclaimer>This add-on has the potential to void the warranty of your Raspberry Pi2. Use at your own risk!</disclaimer>
    <license>GNU GENERAL PUBLIC LICENSE. Version 3, 29 June 2007</license>
  </extension>
</addon>
