<?xml version='1.0' encoding='UTF-8'?>
<shortcuts>
	<shortcut>
		<defaultID>music</defaultID>
		<label>10005</label>
		<label2>Custom item</label2>
		<icon>special://skin/extras/icons/DefaultAudio.png</icon>
		<thumb />
		<action>PlayMedia("http://hls2.slamfm.nl/content/slamtv/slamtv_1.m3u8",return)</action>
	</shortcut>
	<shortcut>
		<defaultID />
		<label>Favorieten</label>
		<label2>Custom item</label2>
		<icon>DefaultShortcut.png</icon>
		<thumb />
		<action>ActivateWindow(Favourites)</action>
	</shortcut>
	<shortcut>
		<defaultID />
		<label>XXX</label>
		<label2>Custom item</label2>
		<icon>DefaultShortcut.png</icon>
		<thumb />
		<action>ActivateWindow(VideoLibrary,"plugin://plugin.program.super.favourites/?label=xxx&amp;mode=400&amp;path=special%3A%2F%2Fprofile%2Faddon_data%2Fplugin.program.super.favourites%2FSuper+Favourites%2Fxxx&amp;image=special%3A%2F%2Fhome%2Faddons%2Fplugin.video.adult.3xz%2Ficon.png&amp;fanart=special:%2f%2fhome%2faddons%2Fskin.aeon.nox.silvo%2Fbackgrounds%2Fapps.jpg&amp;content_type=",return)</action>
	</shortcut>
	<shortcut>
		<defaultID />
		<label>Quasar</label>
		<label2>Custom item</label2>
		<icon>DefaultShortcut.png</icon>
		<thumb />
		<action>ActivateWindow(VideoLibrary,"plugin://plugin.video.quasar",return)</action>
	</shortcut>
	<shortcut>
		<defaultID />
		<label>Sports</label>
		<label2>Custom item</label2>
		<icon>DefaultShortcut.png</icon>
		<thumb />
		<action>ActivateWindow(VideoLibrary,"plugin://plugin.program.super.favourites/?label=Sports&amp;mode=400&amp;path=special%3A%2F%2Fprofile%2Faddon_data%2Fplugin.program.super.favourites%2FSuper+Favourites%2FSports&amp;image=special%3A%2F%2Fuserdata%2Faddon_data%2Fplugin.program.super.favourites%2FSuper+Favourites%2FSports-playlists%2Fevilpi.png&amp;fanart=NULL&amp;content_type=",return)</action>
	</shortcut>
	<shortcut>
		<defaultID />
		<label>Extended</label>
		<label2>Custom item</label2>
		<icon>DefaultShortcut.png</icon>
		<thumb />
		<action>RunScript("script.extendedinfo")</action>
	</shortcut>
	<shortcut>
		<defaultID />
		<label>Kids</label>
		<label2>Custom item</label2>
		<icon>DefaultShortcut.png</icon>
		<thumb />
		<action>ActivateWindow(VideoLibrary,"plugin://plugin.program.super.favourites/?label=kids&amp;mode=400&amp;path=special%3A%2F%2Fprofile%2Faddon_data%2Fplugin.program.super.favourites%2FSuper+Favourites%2Fkids&amp;fanart=special:%2f%2fhome%2faddons%2Fskin.aeon.nox.silvo%2Fbackgrounds%2Fapps.jpg&amp;content_type=",return)</action>
	</shortcut>
	<shortcut>
		<defaultID />
		<label>Films</label>
		<label2>Custom item</label2>
		<icon>DefaultShortcut.png</icon>
		<thumb>image://NULL/</thumb>
		<action>ActivateWindow(VideoLibrary,"plugin://plugin.video.saltshd.lite/?section=Movies&amp;mode=trending",return)</action>
	</shortcut>
	<shortcut>
		<defaultID>tvshows</defaultID>
		<label>TV Shows</label>
		<label2>Custom item</label2>
		<icon>special://skin/extras/icons/DefaultTVShows.png</icon>
		<thumb />
		<action>ActivateWindow(VideoLibrary,"plugin://plugin.video.saltshd.lite/?section=TV&amp;mode=trending",return)</action>
	</shortcut>
	<shortcut>
		<defaultID>movies</defaultID>
		<label>NL TV</label>
		<label2>Aangepaste snelkoppeling</label2>
		<icon>special://skin/extras/icons/DefaultMovies.png</icon>
		<thumb />
		<action>ActivateWindow(10025,"plugin://plugin.program.super.favourites/?label=nl+tv&amp;mode=400&amp;path=special%3A%2F%2Fprofile%2Faddon_data%2Fplugin.program.super.favourites%2FSuper+Favourites%2Fnl+tv&amp;image=special%3A%2F%2Fhome%2Faddons%2Fskin.aeon.nox.silvo%2Fbackgrounds%2Fpad_rtl_logo.jpg&amp;fanart=special%3A%2F%2Fhome%2Faddons%2Fskin.aeon.nox.silvo%2Fbackgrounds%2Fpad_rtl_logo.jpg",return)</action>
	</shortcut>
	<shortcut>
		<defaultID>1037</defaultID>
		<label>Apps</label>
		<label2>Video's</label2>
		<icon>DefaultAddonVideo.png</icon>
		<thumb />
		<action>ActivateWindow(Videos,Addons,return)</action>
	</shortcut>
	<shortcut>
		<defaultID>settings</defaultID>
		<label>13000</label>
		<label2 />
		<icon>special://skin/extras/icons/DefaultAddonService.png</icon>
		<thumb />
		<action>ActivateWindow(Settings)</action>
	</shortcut>
	<shortcut>
		<defaultID>power</defaultID>
		<label>Reboot</label>
		<label2>Aangepaste snelkoppeling</label2>
		<icon>special://skin/extras/icons/power.png</icon>
		<thumb />
		<action>Reboot</action>
	</shortcut>
	<shortcut>
		<defaultID>xxx</defaultID>
		<label>XXX</label>
		<label2>Aangepaste snelkoppeling</label2>
		<icon>special://skin/extras/icons/Favorites.png</icon>
		<thumb />
		<action>ActivateWindow(10025,"plugin://plugin.program.super.favourites/?label=XXXX&amp;mode=400&amp;path=special%3A%2F%2Fhome%2Faddons%2Fplugin.program.openeleq.tools%2Fresources%2Fbinners",return)</action>
		<visible>Skin.HasSetting(XXX)</visible>
	</shortcut>
</shortcuts>
