<?xml version='1.0' encoding='UTF-8'?>
<shortcuts>
	<shortcut>
		<defaultID />
		<label>NL Movies*14</label>
		<label2>Custom item</label2>
		<icon>DefaultShortcut.png</icon>
		<thumb />
		<action>ActivateWindow(VideoLibrary,"plugin://plugin.video.mdhdmovie14/?url=http%3A%2F%2Fhdmovie14.net%2Flist%2Fcountry%2FNetherlands&amp;mode=1&amp;name=%5BB%5D%5BCOLOR+white%5DNetherlands%5B%2FCOLOR%5D%5B%2FB%5D&amp;iconimage=%2Fstorage%2F.kodi%2Faddons%2Fplugin.video.mdhdmovie14%2Ficon.png&amp;description=",return)</action>
	</shortcut>
	<shortcut>
		<defaultID />
		<label>Nos.nl</label>
		<label2>Custom item</label2>
		<icon>DefaultShortcut.png</icon>
		<thumb />
		<action>ActivateWindow(VideoLibrary,"plugin://net.rieter.xot/?action=listfolder&amp;channelcode=nosnl&amp;channel=chn_nosnl",return)</action>
	</shortcut>
	<shortcut>
		<defaultID />
		<label>Nederland 24</label>
		<label2>Custom item</label2>
		<icon>DefaultShortcut.png</icon>
		<thumb />
		<action>ActivateWindow(VideoLibrary,"plugin://plugin.video.nederland24",return)</action>
	</shortcut>
</shortcuts>
