<?xml version='1.0' encoding='UTF-8'?>
<shortcuts>
	<shortcut>
		<defaultID />
		<label>Sports Devil NL</label>
		<label2>Custom item</label2>
		<icon>DefaultShortcut.png</icon>
		<thumb />
		<action>ActivateWindow(VideoLibrary,"plugin://plugin.video.SportsDevilNL",return)</action>
	</shortcut>
	<shortcut>
		<defaultID />
		<label>Fox Sports</label>
		<label2>Custom item</label2>
		<icon>DefaultShortcut.png</icon>
		<thumb />
		<action>ActivateWindow(10025,"plugin://net.rieter.xot/?action=listfolder&amp;channel=chn_eredivisie&amp;channelcode=eredivisie",return)</action>
	</shortcut>
	<shortcut>
		<defaultID />
		<label>Zem Sports</label>
		<label2>Custom item</label2>
		<icon>DefaultShortcut.png</icon>
		<thumb />
		<action>ActivateWindow(VideoLibrary,"plugin://plugin.video.ZemTV-shani/?url=Live&amp;mode=13&amp;name=Sports",return)</action>
	</shortcut>
	<shortcut>
		<defaultID />
		<label>Sports Mix</label>
		<label2>Custom item</label2>
		<icon>DefaultShortcut.png</icon>
		<thumb />
		<action>ActivateWindow(VideoLibrary,"plugin://plugin.video.sportsmix",return)</action>
	</shortcut>
	<shortcut>
		<defaultID />
		<label>BBTS Sports</label>
		<label2>Custom item</label2>
		<icon>DefaultShortcut.png</icon>
		<thumb />
		<action>ActivateWindow(VideoLibrary,"plugin://plugin.video.bbts/?folder=/SPORTS",return)</action>
	</shortcut>
	<shortcut>
		<defaultID />
		<label>Halow Sports</label>
		<label2>Custom item</label2>
		<icon>DefaultShortcut.png</icon>
		<thumb />
		<action>ActivateWindow(VideoLibrary,"plugin://plugin.video.Test/?url=http%3A%2F%2Fpastebin.com%2Fraw%2FNJEFu13T&amp;mode=1&amp;name=%5BCOLOR+royalblue%5D%5BB%5DLIVE+SPORT%5B%2FB%5D%5B%2FCOLOR%5D&amp;fanart=http%3A%2F%2Fhalowtv.com%2Fhalow%2FHalowTV_Logo_Light.gif",return)</action>
	</shortcut>
	<shortcut>
		<defaultID />
		<label>UK Turks Sports</label>
		<label2>Custom item</label2>
		<icon>DefaultShortcut.png</icon>
		<thumb />
		<action>ActivateWindow(VideoLibrary,"plugin://plugin.video.ukturk/?url=http%3A%2F%2Fmetalkettle.co%2FUKTurk18022016%2FSportsList.txt&amp;mode=1&amp;name=Sports&amp;iconimage=http%3A%2F%2Fmetalkettle.co%2FUKTurk18022016%2Fthumbs%2Fnew%2FUk%2520turk%2520thumbnails%2520sports.jpg&amp;description=",return)</action>
	</shortcut>
	<shortcut>
		<defaultID />
		<label>Ares Sports</label>
		<label2>Custom item</label2>
		<icon>DefaultShortcut.png</icon>
		<thumb />
		<action>ActivateWindow(VideoLibrary,"plugin://plugin.video.AresFootBall",return)</action>
	</shortcut>
	<shortcut>
		<defaultID />
		<label>Castaway Sports</label>
		<label2>Custom item</label2>
		<icon>DefaultShortcut.png</icon>
		<thumb />
		<action>ActivateWindow(VideoLibrary,"plugin://plugin.video.castaway/?mode=live_sport",return)</action>
	</shortcut>
	<shortcut>
		<defaultID />
		<label>Vidtime Sports</label>
		<label2>Custom item</label2>
		<icon>DefaultShortcut.png</icon>
		<thumb />
		<action>ActivateWindow(VideoLibrary,"plugin://plugin.video.VidTime/?mode=PERCH+PICKS+-+ASSORTED+SPORTS",return)</action>
	</shortcut>
	<shortcut>
		<defaultID />
		<label>NJM Sports</label>
		<label2>Custom item</label2>
		<icon>DefaultShortcut.png</icon>
		<thumb />
		<action>ActivateWindow(VideoLibrary,"plugin://plugin.video.NJMSoccer",return)</action>
	</shortcut>
</shortcuts>
