<favourites>
	<favourite name="[COLOR red]- [/COLOR][COLOR yellow][ back -2- [B]Sports[/B] section ][/COLOR][COLOR red] -[/COLOR]" thumb="">ActivateWindow(10025,&quot;plugin://plugin.program.super.favourites/?label=SPORTS&amp;mode=400&amp;folder=Sports&amp;sf_options=fanart%3DNULL%26_options_sf&quot;,return)</favourite>
	<favourite name="" thumb="">SF_MANUAL_CMD_1</favourite>
	<favourite name="[COLOR lime][ XvBMC Sports menu ][/COLOR]" thumb="">SF_MANUAL_CMD_2</favourite>
	<favourite name="Ares FootBall" thumb="special://home/addons/plugin.video.AresFootBall/icon.png">ActivateWindow(10025,&quot;plugin://plugin.video.AresFootBall?sf_options=fanart%3Dspecial%3A%2F%2Fhome%2Faddons%2Fplugin.video.AresFootBall%2Ffanart.jpg%26desc%3DFull+Matches+and+Shows+Brings+you+the+Latest+Soccer+Shows+and+Full+Match+Highlights+Videos+from+top+european+soccer+leagues%26_options_sf&quot;,return)</favourite>
	<favourite name="BBTS Sports (iPtv)" thumb="">ActivateWindow(10025,&quot;plugin://plugin.video.bbts/?folder=%2fSPORTS&quot;)</favourite>
	<favourite name="Castaway" thumb="special://home/addons/plugin.video.castaway/icon.png">ActivateWindow(10025,&quot;plugin://plugin.video.castaway?sf_options=fanart%3Dspecial%3A%2F%2Fhome%2Faddons%2Fplugin.video.castaway%2Ffanart.jpg%26desc%3DVisit+TVADDONS.ag+for+support.%26_options_sf&quot;,return)</favourite>
	<favourite name="Halow Live TV" thumb="special://home/addons/plugin.video.Test/icon.png">ActivateWindow(10025,&quot;plugin://plugin.video.Test?sf_options=fanart%3Dspecial%3A%2F%2Fhome%2Faddons%2Fplugin.video.Test%2Ffanart.jpg%26desc%3D%5BCOLOR+red%5DAll+channels+from+around+the+world%2FMovie%2FChild+Movie%2FStreamax.tv%2FSwefilm.Tv%2Fhttp%3A%2F%2Fdreamfilmhd.bz%2F%2F+YouTube%2FSports+Replays%2FFilmon.TV%2FRadio%2FAce+Stream%2FMusic%2FLive+Sport%2FLiveStream%2Ffollow+me+on+FB%2FTwitter%0AHalow+TV+Add-on%0Ahttp%3A%2F%2Fhalowtv.org%5B%2FCOLOR%5D%26_options_sf&quot;,return)</favourite>
	<favourite name="NJM-Soccer" thumb="special://home/addons/plugin.video.NJMSoccer/icon.png">ActivateWindow(10025,&quot;plugin://plugin.video.NJMSoccer/?sf_options=desc%3DSpecial+Thank+you+to+Hakamac+for+his+code%2C+and+to+Ares+Team%2CShadow+Crew+and+Mettle+Kettle+for+their+support.%26_options_sf&quot;,return)</favourite>
	<favourite name="Pro Sport" thumb="special://home/addons/plugin.video.prosport/icon.png">ActivateWindow(10025,&quot;plugin://plugin.video.prosport?sf_options=fanart%3Dspecial%3A%2F%2Fhome%2Faddons%2Fplugin.video.prosport%2Ffanart.jpg%26desc%3DLive+HD+sport+streams+from+reddit%26_options_sf&quot;,return)</favourite>
	<favourite name="SportsDevilNL" thumb="special://home/addons/plugin.video.SportsDevilNL/icon.png">ActivateWindow(10025,&quot;plugin://plugin.video.SportsDevilNL?sf_options=fanart%3Dspecial%3A%2F%2Fhome%2Faddons%2Fplugin.video.SportsDevilNL%2Ffanart.jpg%26desc%3DPlay+videos+of+different+sports+streaming+sites%26_options_sf&quot;,return)</favourite>
	<favourite name="UK Turk Sports (iPtv)" thumb="http://metalkettle.co/UKTurk18022016/thumbs/new/Uk%20turk%20thumbnails%20sports.jpg">ActivateWindow(10025,&quot;plugin://plugin.video.ukturk/?description&amp;iconimage=http%3a%2f%2fmetalkettle.co%2fUKTurk18022016%2fthumbs%2fnew%2fUk%2520turk%2520thumbnails%2520sports.jpg&amp;mode=1&amp;name=Sports&amp;url=http%3a%2f%2fmetalkettle.co%2fUKTurk18022016%2fSportsList.txt&amp;sf_options=fanart%3Dspecial%3A%2F%2Fhome%2Faddons%2Fplugin.video.ukturk%2Ffanart.jpg%26_options_sf&quot;,return)</favourite>
	<favourite name="VidTime Assorted Sports" thumb="http://s32.postimg.org/sv11a9uv9/VTSports.png">ActivateWindow(10025,&quot;plugin://plugin.video.VidTime/?icon=http%3a%2f%2fs32.postimg.org%2fsv11a9uv9%2fVTSports.png&amp;mode=VT%20SPORTS&quot;,return)</favourite>
	<favourite name="Zem Sports" thumb="special://home/addons/plugin.video.ZemTV-shani/icon.png">ActivateWindow(10025,&quot;plugin://plugin.video.ZemTV-shani/?mode=13&amp;name=Sports&amp;url=Live&quot;,return)</favourite>
</favourites>