<?xml version="1.0" encoding="UTF-8"?>
<addon id="script.openelec.raspberry.codec"
       name="OpenELEC RPi Codec Config"
       version="0.20.1"
       provider-name="Scott Marten">
  <requires>
    <import addon="xbmc.python" version="2.1.0"/>
    <import addon="os.openelec.tv" version="2.0" optional="false"/>
  </requires>
  <extension point="xbmc.service" library="service.py" start="startup"/>
  <extension point="xbmc.python.script" library="default.py"/>
  <extension point="xbmc.addon.metadata">
    <platform>all</platform>
  </extension>
</addon>
