<?xml version="1.0" encoding="UTF-8"?>
<addon
  id="plugin.video.SportsDevil"
  version="2017.06.28.NL0630"
  name="SportsDevil"
  provider-name="MaxMustermann, Al101, Hubbab3, Jairox, Sattekop">
  <requires>
   <import addon="xbmc.python" version="2.14.0"/>
   <import addon="repository.xvbmc" version="4.0.2"/>
   <import addon="script.module.dateutil" />
   <import addon="script.module.simplejson" />
   <import addon="script.module.six" />
   <import addon="script.module.requests" />
   <import addon="script.module.livestreamer" />
   <!-- <import addon="script.video.F4mProxy" />
   <import addon="plugin.video.f4mTester" /> -->
   <!-- *broken* <import addon="repository.unofficialsportsdevil" version="1.0.0" optional="true"/> *broken* -->
  </requires>
  <extension 
    point="xbmc.python.pluginsource"
    library="default.py">
   <provides>video</provides>
  </extension>
  <extension point="xbmc.service" library="service/proxy_service.py" start="startup" />
  <extension point="xbmc.addon.metadata">
    <summary>Play videos of different ad-financed sports streaming sites (XvBMC acts only as a mirror).</summary>
    <description>Play videos of different ad-financed sports streaming sites.
    
SportsDevil does not provide any streams of its own; stream quality, content and copyright are responsibility of the ad-financed source web site (XvBMC acts only as a mirror).
    
For updates check the readme.
    </description>
    <disclaimer>SportsDevil does not provide any streams of its own; stream quality, content and copyright are responsibility of the ad-financed source web site (XvBMC acts only as a mirror).</disclaimer>
    <license>GNU GENERAL PUBLIC LICENSE. Version 2, June 1991</license>
    <platform>all</platform>
    <forum>http://forums.koditips.com/index.php?topic=11.0</forum>
    <website>http://forums.koditips.com/index.php?topic=11.0</website>
    <source>http://forums.koditips.com/index.php?topic=11.0</source>
    <news>Sportsdevil (build_20170630NL) mirror@xvbmc</news>
  <assets>
    <icon>icon.png</icon>
    <fanart>fanart.jpg</fanart>
  </assets>
  </extension>
</addon>
