<favourites>
	<favourite name="BBTS Kids" thumb="">ActivateWindow(10025,&quot;plugin://plugin.video.bbts/?folder=%2fKIDS&quot;)</favourite>
	<favourite name="Bobo" thumb="http://covers.rtl.nl/system/cover/l/ipad/281680">ActivateWindow(10025,&quot;plugin://plugin.video.rtlxl/keuze/http%3A%2F%2Fwww.rtl.nl%2Fsystem%2Fs4m%2Fipadfd%2Fd%3Dipad%2Ffmt%3Dadaptive%2Fak%3D281679%2F/&quot;)</favourite>
	<favourite name="Brandweerman Sam" thumb="http://covers.rtl.nl/system/cover/l/ipad/256389,256416,297542,320342">ActivateWindow(10025,&quot;plugin://plugin.video.rtlxl/keuze/http%3A%2F%2Fwww.rtl.nl%2Fsystem%2Fs4m%2Fipadfd%2Fd%3Dipad%2Ffmt%3Dadaptive%2Fak%3D236729%2F/&quot;)</favourite>
	<favourite name="Cartoons8" thumb="special://home/addons/plugin.video.cartoons8/icon.png">ActivateWindow(10025,&quot;plugin://plugin.video.cartoons8/&quot;)</favourite>
	<favourite name="Chloe en de toverkast" thumb="http://covers.rtl.nl/system/cover/l/ipad/260179,297416">ActivateWindow(10025,&quot;plugin://plugin.video.rtlxl/keuze/http%3A%2F%2Fwww.rtl.nl%2Fsystem%2Fs4m%2Fipadfd%2Fd%3Dipad%2Ffmt%3Dadaptive%2Fak%3D260178%2F/&quot;)</favourite>
	<favourite name="Chuggington" thumb="http://covers.rtl.nl/system/cover/l/ipad/297500,297527,315999">ActivateWindow(10025,&quot;plugin://plugin.video.rtlxl/keuze/http%3A%2F%2Fwww.rtl.nl%2Fsystem%2Fs4m%2Fipadfd%2Fd%3Dipad%2Ffmt%3Dadaptive%2Fak%3D252304%2F/&quot;)</favourite>
	<favourite name="De Daltons" thumb="http://covers.rtl.nl/system/cover/l/ipad/313748">ActivateWindow(10025,&quot;plugin://plugin.video.rtlxl/keuze/http%3A%2F%2Fwww.rtl.nl%2Fsystem%2Fs4m%2Fipadfd%2Fd%3Dipad%2Ffmt%3Dadaptive%2Fak%3D313747%2F/&quot;)</favourite>
	<favourite name="Ernst, Bobbie En De Rest" thumb="http://covers.rtl.nl/system/cover/l/ipad/254494,254508,254522,254536,254550,254563,254576">ActivateWindow(10025,&quot;plugin://plugin.video.rtlxl/keuze/http%3A%2F%2Fwww.rtl.nl%2Fsystem%2Fs4m%2Fipadfd%2Fd%3Dipad%2Ffmt%3Dadaptive%2Fak%3D254493%2F/&quot;)</favourite>
	<favourite name="Fien &amp; teun" thumb="http://covers.rtl.nl/system/cover/l/ipad/316777">ActivateWindow(10025,&quot;plugin://plugin.video.rtlxl/keuze/http%3A%2F%2Fwww.rtl.nl%2Fsystem%2Fs4m%2Fipadfd%2Fd%3Dipad%2Ffmt%3Dadaptive%2Fak%3D316776%2F/&quot;)</favourite>
	<favourite name="Het Klokhuis" thumb="http://mediadb.omroep.nl/assets/000/863/598.jpg">ActivateWindow(10025,&quot;plugin://plugin.video.uzg/afleveringen/269/&quot;)</favourite>
	<favourite name="Het Zandkasteel" thumb="http://mediadb.omroep.nl/assets/000/863/578.jpg">ActivateWindow(10025,&quot;plugin://plugin.video.uzg/afleveringen/631/&quot;)</favourite>
	<favourite name="Keets Vlog" thumb="http://covers.rtl.nl/system/cover/l/ipad/339089">ActivateWindow(10025,&quot;plugin://plugin.video.rtlxl/keuze/http%3A%2F%2Fwww.rtl.nl%2Fsystem%2Fs4m%2Fipadfd%2Fd%3Dipad%2Ffmt%3Dadaptive%2Fak%3D339088%2F/&quot;)</favourite>
	<favourite name="Koala Broertjes" thumb="http://covers.rtl.nl/system/cover/l/ipad/236676">ActivateWindow(10025,&quot;plugin://plugin.video.rtlxl/keuze/http%3A%2F%2Fwww.rtl.nl%2Fsystem%2Fs4m%2Fipadfd%2Fd%3Dipad%2Ffmt%3Dadaptive%2Fak%3D236675%2F/&quot;)</favourite>
	<favourite name="LEGO City" thumb="http://covers.rtl.nl/system/cover/l/ipad/341989">ActivateWindow(10025,&quot;plugin://plugin.video.rtlxl/keuze/http%3A%2F%2Fwww.rtl.nl%2Fsystem%2Fs4m%2Fipadfd%2Fd%3Dipad%2Ffmt%3Dadaptive%2Fak%3D341988%2F/&quot;,return)</favourite>
	<favourite name="Littlest Pet Shop" thumb="http://covers.rtl.nl/system/cover/l/ipad/300729,325078">ActivateWindow(10025,&quot;plugin://plugin.video.rtlxl/keuze/http%3A%2F%2Fwww.rtl.nl%2Fsystem%2Fs4m%2Fipadfd%2Fd%3Dipad%2Ffmt%3Dadaptive%2Fak%3D300728%2F/&quot;)</favourite>
	<favourite name="Monskey" thumb="http://covers.rtl.nl/system/cover/l/ipad/321798">ActivateWindow(10025,&quot;plugin://plugin.video.rtlxl/keuze/http%3A%2F%2Fwww.rtl.nl%2Fsystem%2Fs4m%2Fipadfd%2Fd%3Dipad%2Ffmt%3Dadaptive%2Fak%3D321797%2F/&quot;)</favourite>
	<favourite name="NOS Jeugdjournaal - avond" thumb="http://mediadb.omroep.nl/assets/000/927/152.jpg">ActivateWindow(10025,&quot;plugin://plugin.video.uzg/afleveringen/227/&quot;)</favourite>
	<favourite name="Naranjina En De Kadekapers" thumb="http://covers.rtl.nl/system/cover/l/ipad/302449">ActivateWindow(10025,&quot;plugin://plugin.video.rtlxl/keuze/http%3A%2F%2Fwww.rtl.nl%2Fsystem%2Fs4m%2Fipadfd%2Fd%3Dipad%2Ffmt%3Dadaptive%2Fak%3D302448%2F/&quot;)</favourite>
	<favourite name="Nickelodeon" thumb="special://home/addons/net.rieter.xot.channel.nick/nickelodeon/nickelodeonlarge.png">ActivateWindow(10025,&quot;plugin://net.rieter.xot/?action=listfolder&amp;channel=chn_nickelodeon&amp;channelcode=nickelodeon&quot;)</favourite>
	<favourite name="Nickjr.com" thumb="special://home/addons/plugin.video.kidsplace/resources/images/nickjr.png">ActivateWindow(10025,&quot;plugin://plugin.video.kidsplace/?channel=nickjr&quot;)</favourite>
	<favourite name="Oggy En De Kakkerlakken" thumb="http://covers.rtl.nl/system/cover/l/ipad/300646">ActivateWindow(10025,&quot;plugin://plugin.video.rtlxl/keuze/http%3A%2F%2Fwww.rtl.nl%2Fsystem%2Fs4m%2Fipadfd%2Fd%3Dipad%2Ffmt%3Dadaptive%2Fak%3D300645%2F/&quot;)</favourite>
	<favourite name="Puberruil Zapp" thumb="">ActivateWindow(10025,&quot;plugin://plugin.video.uzg/afleveringen/5917/&quot;)</favourite>
	<favourite name="Robin Hood" thumb="http://covers.rtl.nl/system/cover/l/ipad/319825">ActivateWindow(10025,&quot;plugin://plugin.video.rtlxl/keuze/http%3A%2F%2Fwww.rtl.nl%2Fsystem%2Fs4m%2Fipadfd%2Fd%3Dipad%2Ffmt%3Dadaptive%2Fak%3D319824%2F/&quot;)</favourite>
	<favourite name="Sesamstraat" thumb="http://mediadb.omroep.nl/assets/001/219/659.jpg">ActivateWindow(10025,&quot;plugin://plugin.video.uzg/afleveringen/750/&quot;)</favourite>
	<favourite name="Sesamstraat: 10 voor..." thumb="http://mediadb.omroep.nl/assets/001/189/897.jpg">ActivateWindow(10025,&quot;plugin://plugin.video.uzg/afleveringen/POMS_S_NTR_465239/&quot;)</favourite>
	<favourite name="SpangaS" thumb="http://mediadb.omroep.nl/assets/000/863/574.jpg">ActivateWindow(10025,&quot;plugin://plugin.video.uzg/afleveringen/2621/&quot;)</favourite>
	<favourite name="Super 4" thumb="http://covers.rtl.nl/system/cover/l/ipad/321968">ActivateWindow(10025,&quot;plugin://plugin.video.rtlxl/keuze/http%3A%2F%2Fwww.rtl.nl%2Fsystem%2Fs4m%2Fipadfd%2Fd%3Dipad%2Ffmt%3Dadaptive%2Fak%3D321967%2F/&quot;)</favourite>
	<favourite name="Willem Wever" thumb="">ActivateWindow(10025,&quot;plugin://plugin.video.uzg/afleveringen/2566/&quot;)</favourite>
	<favourite name="Bibaboerderij" thumb="http://covers.rtl.nl/system/cover/l/ipad/235954">ActivateWindow(10025,&quot;plugin://plugin.video.rtlxl/keuze/http%3A%2F%2Fwww.rtl.nl%2Fsystem%2Fs4m%2Fipadfd%2Fd%3Dipad%2Ffmt%3Dadaptive%2Fak%3D235953%2F/&quot;,return)</favourite>
	<favourite name="Bumba: Bravo Babilu" thumb="http://covers.rtl.nl/system/cover/l/ipad/359323">ActivateWindow(10025,&quot;plugin://plugin.video.rtlxl/keuze/http%3A%2F%2Fwww.rtl.nl%2Fsystem%2Fs4m%2Fipadfd%2Fd%3Dipad%2Ffmt%3Dadaptive%2Fak%3D359322%2F/&quot;,return)</favourite>
	<favourite name="Burgers&apos; Zoo En Waarom" thumb="http://covers.rtl.nl/system/cover/l/ipad/258363,258378,280481,299489,320587">ActivateWindow(10025,&quot;plugin://plugin.video.rtlxl/keuze/http%3A%2F%2Fwww.rtl.nl%2Fsystem%2Fs4m%2Fipadfd%2Fd%3Dipad%2Ffmt%3Dadaptive%2Fak%3D258362%2F/&quot;,return)</favourite>
	<favourite name="Chuggington Medaille Race" thumb="http://covers.rtl.nl/system/cover/l/ipad/278369">ActivateWindow(10025,&quot;plugin://plugin.video.rtlxl/keuze/http%3A%2F%2Fwww.rtl.nl%2Fsystem%2Fs4m%2Fipadfd%2Fd%3Dipad%2Ffmt%3Dadaptive%2Fak%3D278368%2F/&quot;,return)</favourite>
	<favourite name="De Avonturen Van Bollo" thumb="http://covers.rtl.nl/system/cover/l/ipad/346790">ActivateWindow(10025,&quot;plugin://plugin.video.rtlxl/keuze/http%3A%2F%2Fwww.rtl.nl%2Fsystem%2Fs4m%2Fipadfd%2Fd%3Dipad%2Ffmt%3Dadaptive%2Fak%3D346789%2F/&quot;,return)</favourite>
	<favourite name="De Avonturen Van K3" thumb="http://covers.rtl.nl/system/cover/l/ipad/359116">ActivateWindow(10025,&quot;plugin://plugin.video.rtlxl/keuze/http%3A%2F%2Fwww.rtl.nl%2Fsystem%2Fs4m%2Fipadfd%2Fd%3Dipad%2Ffmt%3Dadaptive%2Fak%3D359115%2F/&quot;,return)</favourite>
	<favourite name="Dive Olly Dive" thumb="http://covers.rtl.nl/system/cover/l/ipad/359261">ActivateWindow(10025,&quot;plugin://plugin.video.rtlxl/keuze/http%3A%2F%2Fwww.rtl.nl%2Fsystem%2Fs4m%2Fipadfd%2Fd%3Dipad%2Ffmt%3Dadaptive%2Fak%3D359260%2F/&quot;,return)</favourite>
	<favourite name="Doedel" thumb="http://covers.rtl.nl/system/cover/l/ipad/336651">ActivateWindow(10025,&quot;plugin://plugin.video.rtlxl/keuze/http%3A%2F%2Fwww.rtl.nl%2Fsystem%2Fs4m%2Fipadfd%2Fd%3Dipad%2Ffmt%3Dadaptive%2Fak%3D336650%2F/&quot;,return)</favourite>
	<favourite name="Florrie&apos;s Draakjes" thumb="http://covers.rtl.nl/system/cover/l/ipad/359173">ActivateWindow(10025,&quot;plugin://plugin.video.rtlxl/keuze/http%3A%2F%2Fwww.rtl.nl%2Fsystem%2Fs4m%2Fipadfd%2Fd%3Dipad%2Ffmt%3Dadaptive%2Fak%3D359172%2F/&quot;,return)</favourite>
	<favourite name="Hallo K3!" thumb="http://covers.rtl.nl/system/cover/l/ipad/276505,276519,276532">ActivateWindow(10025,&quot;plugin://plugin.video.rtlxl/keuze/http%3A%2F%2Fwww.rtl.nl%2Fsystem%2Fs4m%2Fipadfd%2Fd%3Dipad%2Ffmt%3Dadaptive%2Fak%3D276504%2F/&quot;,return)</favourite>
	<favourite name="Juf Roos" thumb="http://covers.rtl.nl/system/cover/l/ipad/346069">ActivateWindow(10025,&quot;plugin://plugin.video.rtlxl/keuze/http%3A%2F%2Fwww.rtl.nl%2Fsystem%2Fs4m%2Fipadfd%2Fd%3Dipad%2Ffmt%3Dadaptive%2Fak%3D346068%2F/&quot;,return)</favourite>
	<favourite name="Jul &amp; Julia" thumb="http://covers.rtl.nl/system/cover/l/ipad/340134,342239,361183">ActivateWindow(10025,&quot;plugin://plugin.video.rtlxl/keuze/http%3A%2F%2Fwww.rtl.nl%2Fsystem%2Fs4m%2Fipadfd%2Fd%3Dipad%2Ffmt%3Dadaptive%2Fak%3D340133%2F/&quot;,return)</favourite>
	<favourite name="K3 Kan Het" thumb="http://covers.rtl.nl/system/cover/l/ipad/345309,345323">ActivateWindow(10025,&quot;plugin://plugin.video.rtlxl/keuze/http%3A%2F%2Fwww.rtl.nl%2Fsystem%2Fs4m%2Fipadfd%2Fd%3Dipad%2Ffmt%3Dadaptive%2Fak%3D345308%2F/&quot;,return)</favourite>
	<favourite name="LEGO Friends" thumb="http://covers.rtl.nl/system/cover/l/ipad/342007,342077">ActivateWindow(10025,&quot;plugin://plugin.video.rtlxl/keuze/http%3A%2F%2Fwww.rtl.nl%2Fsystem%2Fs4m%2Fipadfd%2Fd%3Dipad%2Ffmt%3Dadaptive%2Fak%3D342076%2F/&quot;,return)</favourite>
	<favourite name="Minuscule" thumb="http://covers.rtl.nl/system/cover/l/ipad/320232,320259">ActivateWindow(10025,&quot;plugin://plugin.video.rtlxl/keuze/http%3A%2F%2Fwww.rtl.nl%2Fsystem%2Fs4m%2Fipadfd%2Fd%3Dipad%2Ffmt%3Dadaptive%2Fak%3D320231%2F/&quot;,return)</favourite>
	<favourite name="My Little Pony" thumb="http://covers.rtl.nl/system/cover/l/ipad/357403">ActivateWindow(10025,&quot;plugin://plugin.video.rtlxl/keuze/http%3A%2F%2Fwww.rtl.nl%2Fsystem%2Fs4m%2Fipadfd%2Fd%3Dipad%2Ffmt%3Dadaptive%2Fak%3D9406%2F/&quot;,return)</favourite>
	<favourite name="Plop &amp; De Peppers" thumb="http://covers.rtl.nl/system/cover/l/ipad/358902">ActivateWindow(10025,&quot;plugin://plugin.video.rtlxl/keuze/http%3A%2F%2Fwww.rtl.nl%2Fsystem%2Fs4m%2Fipadfd%2Fd%3Dipad%2Ffmt%3Dadaptive%2Fak%3D358901%2F/&quot;,return)</favourite>
	<favourite name="Plop Vertelt..." thumb="http://covers.rtl.nl/system/cover/l/ipad/359031,359042">ActivateWindow(10025,&quot;plugin://plugin.video.rtlxl/keuze/http%3A%2F%2Fwww.rtl.nl%2Fsystem%2Fs4m%2Fipadfd%2Fd%3Dipad%2Ffmt%3Dadaptive%2Fak%3D359030%2F/&quot;,return)</favourite>
	<favourite name="Rescue Bots" thumb="http://covers.rtl.nl/system/cover/l/ipad/361021">ActivateWindow(10025,&quot;plugin://plugin.video.rtlxl/keuze/http%3A%2F%2Fwww.rtl.nl%2Fsystem%2Fs4m%2Fipadfd%2Fd%3Dipad%2Ffmt%3Dadaptive%2Fak%3D361020%2F/&quot;,return)</favourite>
	<favourite name="Robocar Poli" thumb="http://covers.rtl.nl/system/cover/l/ipad/344523">ActivateWindow(10025,&quot;plugin://plugin.video.rtlxl/keuze/http%3A%2F%2Fwww.rtl.nl%2Fsystem%2Fs4m%2Fipadfd%2Fd%3Dipad%2Ffmt%3Dadaptive%2Fak%3D344522%2F/&quot;,return)</favourite>
	<favourite name="Tashi" thumb="http://covers.rtl.nl/system/cover/l/ipad/358428">ActivateWindow(10025,&quot;plugin://plugin.video.rtlxl/keuze/http%3A%2F%2Fwww.rtl.nl%2Fsystem%2Fs4m%2Fipadfd%2Fd%3Dipad%2Ffmt%3Dadaptive%2Fak%3D358427%2F/&quot;,return)</favourite>
	<favourite name="Totally Fit Kidz" thumb="http://covers.rtl.nl/system/cover/l/ipad/346084">ActivateWindow(10025,&quot;plugin://plugin.video.rtlxl/keuze/http%3A%2F%2Fwww.rtl.nl%2Fsystem%2Fs4m%2Fipadfd%2Fd%3Dipad%2Ffmt%3Dadaptive%2Fak%3D321814%2F/&quot;,return)</favourite>
	<favourite name="Uki" thumb="http://covers.rtl.nl/system/cover/l/ipad/236103">ActivateWindow(10025,&quot;plugin://plugin.video.rtlxl/keuze/http%3A%2F%2Fwww.rtl.nl%2Fsystem%2Fs4m%2Fipadfd%2Fd%3Dipad%2Ffmt%3Dadaptive%2Fak%3D236102%2F/&quot;,return)</favourite>
	<favourite name="Wizzy &amp; Woppy" thumb="http://covers.rtl.nl/system/cover/l/ipad/359348">ActivateWindow(10025,&quot;plugin://plugin.video.rtlxl/keuze/http%3A%2F%2Fwww.rtl.nl%2Fsystem%2Fs4m%2Fipadfd%2Fd%3Dipad%2Ffmt%3Dadaptive%2Fak%3D359347%2F/&quot;,return)</favourite>
	<favourite name="Zigby" thumb="http://covers.rtl.nl/system/cover/l/ipad/359230">ActivateWindow(10025,&quot;plugin://plugin.video.rtlxl/keuze/http%3A%2F%2Fwww.rtl.nl%2Fsystem%2Fs4m%2Fipadfd%2Fd%3Dipad%2Ffmt%3Dadaptive%2Fak%3D359229%2F/&quot;,return)</favourite>
	<favourite name="Zappbios: Jongens" thumb="http://mediadb.omroep.nl/assets/001/193/977.jpg">ActivateWindow(10025,&quot;plugin://plugin.video.uzg/afleveringen/POMS_S_NTR_470658/&quot;,return)</favourite>
	<favourite name="Masha en De Beer" thumb="http://82.75.225.87:32400/photo/:/transcode?url=http%3A%2F%2Flocalhost%3A32400%2Flibrary%2Fmetadata%2F2586%2Fthumb%2F1452763295&amp;width=720&amp;height=720 | X-Plex-Platform=KODI&amp;X-Plex-Client-Platform=KODI&amp;X-Plex-Device-Name=My%20PleXBMC%20Client&amp;X-Plex-Provides=player&amp;X-Plex-Model=unknown&amp;X-Plex-Platform-Version=Linux/RPi&amp;X-Plex-Client-Identifier=409751cb-e21b-4e86-ad6f-e360d23010ef&amp;X-Plex-Device=PleXBMC&amp;X-Plex-Product=PleXBMC&amp;X-Plex-Language=en&amp;X-Plex-Version=1.0.1">ActivateWindow(10025,&quot;plugin://plugin.video.multi-plex/?mode=4&amp;url=http%3a%2f%2f82.75.225.87%3a32400%2flibrary%2fmetadata%2f2586%2fchildren&quot;,return)</favourite>
	<favourite name="Kinder TV Shows 1830" thumb="http://83.84.183.30:32400/photo/:/transcode?url=http%3A%2F%2Flocalhost%3A32400%2F%3A%2Fresources%2Fshow.png&amp;width=720&amp;height=720 | X-Plex-Platform=KODI&amp;X-Plex-Client-Platform=KODI&amp;X-Plex-Device-Name=My%20PleXBMC%20Client&amp;X-Plex-Provides=player&amp;X-Plex-Model=unknown&amp;X-Plex-Platform-Version=Linux/RPi&amp;X-Plex-Client-Identifier=409751cb-e21b-4e86-ad6f-e360d23010ef&amp;X-Plex-Device=PleXBMC&amp;X-Plex-Product=PleXBMC&amp;X-Plex-Language=en&amp;X-Plex-Version=1.0.1">ActivateWindow(10025,&quot;plugin://plugin.video.multi-plex/?mode=0&amp;url=http%3a%2f%2f83.84.183.30%3a32400%2flibrary%2fsections%2f4%2fall&quot;,return)</favourite>
</favourites>