<favourites>
	<favourite name="[COLOR lime][ Torrent based addons ][/COLOR]" thumb="">SF_MANUAL_CMD_1</favourite>
	<favourite name="NL Viewer V2" thumb="special://home/addons\plugin.video.nl-viewer2\icon.png">ActivateWindow(10025,&quot;plugin://plugin.video.nl-viewer2?sf_options=fanart%3Dspecial%3A%2F%2Fhome%2Faddons%5Cplugin.video.nl-viewer2%5Cfanart.jpg%26desc%3DThis+Add-on+is+a+viewer+for+NL+Movies%26_options_sf&quot;,return)</favourite>
	<favourite name="Popcorn Time" thumb="special://home/addons\plugin.video.popcorn-time\icon.png">ActivateWindow(10025,&quot;plugin://plugin.video.popcorn-time?sf_options=fanart%3Dspecial%3A%2F%2Fhome%2Faddons%5Cplugin.video.popcorn-time%5Cfanart.jpg%26desc%3DThis+Add-on+allows+to+view+YTS+links+be+play+for+Pulsar%2C+XBMCtorrent%2C+KmediaTorrent%2C+Torrenter+V2+or+YATP+with+additional+local+library+integration+option%26_options_sf&quot;,return)</favourite>
	<favourite name="Quasar" thumb="special://home/addons\plugin.video.quasar\icon.png">ActivateWindow(10025,&quot;plugin://plugin.video.quasar?sf_options=fanart%3Dspecial%3A%2F%2Fhome%2Faddons%5Cplugin.video.quasar%5Cfanart.jpg%26desc%3DStream+torrent+files%26_options_sf&quot;,return)</favourite>
	<favourite name="Salts HD Lite" thumb="special://home/addons\plugin.video.saltshd.lite\icon.png">ActivateWindow(10025,&quot;plugin://plugin.video.saltshd.lite?sf_options=fanart%3Dspecial%3A%2F%2Fhome%2Faddons%5Cplugin.video.saltshd.lite%5Cfanart.jpg%26desc%3DThis+is+the+mod+version+of+Salts+by+Scott+Marten.%26_options_sf&quot;,return)</favourite>
	<favourite name="Salts RD Lite" thumb="special://home/addons\plugin.video.saltsrd.lite\icon.png">ActivateWindow(10025,&quot;plugin://plugin.video.saltsrd.lite?sf_options=fanart%3Dspecial%3A%2F%2Fhome%2Faddons%5Cplugin.video.saltsrd.lite%5Cfanart.jpg%26desc%3DThis+is+the+mod+version+of+Salts+by+Scott+Marten.%26_options_sf&quot;,return)</favourite>
</favourites>