<?xml version="1.0" encoding="UTF-8" standalone="yes"?>
<addon id="script.xvbmc.updatertools"
       name=" [COLOR lime][B]X[/B][/COLOR]vBMC [COLOR red]UPDATE[/COLOR], Tools [COLOR white]&amp;[/COLOR] Maintenance[COLOR darkgreen] [I] (v[COLOR lime]4.3[/COLOR])[/I][/COLOR]"
       version="4.3.1"
       provider-name="XvBMC-NL">
  <requires>
    <import addon="repository.xvbmc" version="4.2"/>
    <import addon="xbmc.python" version="2.14.0" />
    <import addon="script.module.urlresolver" version="4.0"/>
    <import addon="script.module.resolveurl"  version="5.0"/>
  </requires>
    <extension point="xbmc.python.pluginsource" library="default.py">
    <provides>executable</provides>
  </extension>
  <extension point="xbmc.service" library="service.py" start="startup"/>
  <extension point="xbmc.addon.metadata">
    <summary lang="en">XvBMC-NL's: Update,Tools,Maintenance,RPi,DEV,etc.</summary>
    <description lang="en">XvBMC Nederland - Update, Tools, Maintenance,[B] RPi[/B], DEVelopment &amp; more stuff...</description>
    <disclaimer lang="en">! USE AT YOUR OWN RISK ! ! ! MORE iNFO @ http://bit.ly/XvBMC-NL !</disclaimer>
    <platform>all</platform>
    <license>GNU GENERAL PUBLIC LICENSE. Version 3, June 2007</license>
    <forum>http://bit.ly/XvBMC-NL</forum>
    <website>https://bit.ly/XvBMC-Android</website>
    <source>http://bit.ly/XvBMC-Pi</source>
    <news>v4.3.1 -2018- Revamp+VoOdOo</news>
    <assets>
        <icon>icon.png</icon>
        <fanart>fanart.jpg</fanart>
        <screenshot></screenshot>
    </assets>
  </extension>
</addon>