<?xml version="1.0" encoding="UTF-8" standalone="yes"?>
<addon id="script.quasar.kickass-mc" name="Quasar MC's [COLOR FFFEDF64]KickAss[/COLOR] Provider" version="1.3.5x"
       provider-name="mancuniancol+epic(url)">
    <requires>
        <import addon="xbmc.python" version="2.12.0"/>
        <import addon="plugin.video.quasar" optional="false"/>
        <import addon="script.module.requests" optional="false"/>
        <import addon="script.module.httplib2" optional="false"/>
    </requires>
    <extension point="xbmc.python.script" library="main.py">
        <provides>executable</provides>
    </extension>
    <extension point="xbmc.addon.metadata">
        <summary lang="en">quasar Kickass Provider</summary>
        <description lang="en">This Multilanguage provider allows to choose the quality of video torrent which will feed
            Quasar.[CR]You need to config the add-on before using quasar[CR]It works with Movies and TV Shows
        </description>
        <language></language>
        <platform>all</platform>
        <forum>http://forum.xbmc.org/showthread.php?tid=204728</forum>
        <disclaimer lang="en">It only works with Quasar![CR]It is just for educational purpose[CR]Check if it is
            illegal in your country to use.
        </disclaimer>
        <license>GNU GENERAL PUBLIC LICENSE. Version 2, June 1991</license>
    </extension>
</addon>
