<?xml version="1.0" encoding="UTF-8" standalone="yes"?>
<addon id="script.schoonmaak"
       name=" [COLOR lime][B]X[/B][/COLOR]vBMC [COLOR white]Raw[/COLOR] Maintenance [I] [COLOR green](kodi schoonmaak)[/COLOR][/I]"
       version="1.10.05"
       provider-name="Raw Maintenance (XvBMC-MOD)">
  <requires>
    <import addon="xbmc.python" version="2.14.0"/>
	<import addon="repository.xvbmc" version="3.0.1"/>
  </requires>
  <extension point="xbmc.python.pluginsource" library="default.py">
        <provides>executable</provides>
  </extension>
  <extension point="xbmc.addon.metadata">
    <platform>all</platform>
    <summary>Kodi Schoonmaak 1.10.03 / Raw Maintenance 0.1.10</summary>
    <description>For OFFICIAL RAW Maintenance support only:  please visit www.no-issue.ca </description>
    <language></language>
    <license></license>
    <source></source>
    <forum></forum>
    <website>www.no-issue.ca</website>
  </extension>
</addon>
