<?xml version="1.0" encoding="UTF-8" standalone="yes"?>
<addon id="plugin.video.AwesomeStreams"
       name="AwesomeStreams"
       version="1.0.24"
       provider-name="AwesomeStreams">
  <requires>
    <import addon="xbmc.python" version="2.1.0"/>
	<import addon="script.module.t0mm0.common" version="2.1.1"/>
    <import addon="script.module.beautifulsoup" version="3.2.1"/>
    <import addon="script.module.simple.downloader" version="1.9.5"/>
    <import addon="script.module.beautifulsoup4" />
    <import addon="script.module.requests" />
    <import addon="script.module.httplib2" />
    <import addon="script.module.youtube.dl" optional="true"/>
    <import addon="plugin.video.youtube" />
    <import addon="script.module.urlresolver" />
    <import addon="script.module.simplejson" /> 
    <import addon="script.common.plugin.cache" />
    <import addon="script.module.metahandler" />
    <import addon="script.module.liveresolver" />


  </requires>
  <extension point="xbmc.python.pluginsource" library="default.py">
    <provides>video</provides>
  </extension>
  <extension point="xbmc.addon.metadata">
    <summary lang="en">Awesome Streams voor XBMC / KODI!</summary>
    <description lang="en">Addon With Sport/Livestreams from all over the world</description>
    <platform>all</platform>
  </extension>
</addon>
