{
  "channels": [
    {
      "guid": "98506F58-CD6F-11DE-99BA-187F55D89593",
      "name": "TV4 Play",
      "description": "Sändningar från TV4Play.se.",
      "icon": "tv4large.png",
      "category": "National",
      "channelcode": "tv4se",
      "sortorder": 4,
      "language": "se",
      "fanart": "tv4playsefanart.jpg"
    },
    {
      "guid": "66174057-D5E3-4102-AF46-B2D8E800E0D9",
      "name": "Sjuan (TV7)",
      "description": "Sändningar från TV7 via TV4Play.se.",
      "icon": "tv7large.png",
      "category": "National",
      "channelcode": "tv7se",
      "sortorder": 7,
      "language": "se",
      "fanart": "tv7fanart.png"
    },
    {
      "guid": "F2D31759-71BD-4DD1-A1FB-FF8FD99CE03E",
      "name": "TV12 Play",
      "description": "Sändningar från TV12 via TV4Play.se.",
      "icon": "tv12large.png",
      "category": "National",
      "channelcode": "tv12se",
      "sortorder": 12,
      "language": "se",
      "fanart": "tv12playfanart.jpg"
    }
  ],
  "settings": [
    {
      "order": 1,
      "id": "spoof_ip",
      "value": "label=\"30079\" type=\"ipaddress\" default=\"0.0.0.0\""
    },
    {
      "order": 2,
      "id": "username",
      "value": "id=\"channel_tv4play_se_username\" label=\"30094\" type=\"text\" default=\"\""
    },
    {
      "order": 3,
      "id": "password_set",
      "value": "id=\"channel_tv4play_se_password_set\" label=\"30093\" type=\"action\" action=\"RunScript(net.rieter.xot, 0, ?action=encryptsetting&amp;settingid=channel_tv4play_se_password&amp;settingname=TV4Play.se password&amp;tabfocus=102)\" option=\"close\""
    },
    {
      "order": 4,
      "id": "password",
      "value": "id=\"channel_tv4play_se_password\" type=\"hidden\" default=\"\""
    },
    {
      "order": 5,
      "id": "cookie",
      "value": "id=\"channel_tv4play_se_token\" type=\"hidden\" default=\"\""
    }
  ]
}