<?xml version="1.0" encoding="UTF-8" standalone="yes"?>
<addon id="repository.kaosbox2" name="KAOSbox Repo" version="666" provider-name="KAOSbox STOPPED">
    <extension point="xbmc.addon.repository" name="KAOSbox Repo">
    </extension>
    <extension point="xbmc.addon.metadata">
        <summary>KAOSbox STOPPED, uninstall (t)his repo...</summary>
        <description>KAOSbox STOPPED (info: www.kaosbox.tv)</description>
        <disclaimer>KAOSbox STOPPED, see: www.kaosbox.tv for more info, please uninstall (t)his repo.</disclaimer>
        <platform>all</platform>
        <license>GNU GENERAL PUBLIC LICENSE. Version 3, June 2007</license>
        <forum>https://bit.ly/XvBMC-NL</forum>
        <website>https://bit.ly/XvBMC-NL</website>
        <source>https://bit.ly/XvBMC-NL</source>
        <news>KAOSbox ABANDONED (t)his repo</news>
        <assets>
            <icon>icon.png</icon>
            <fanart></fanart>
            <screenshot></screenshot>
        </assets>
        <broken>KAOSbox STOPPED! (t)his repo is ABANDONED!</broken>
    </extension>
</addon>

