<?xml version="1.0" encoding="UTF-8"?>
<addon id="plugin.video.saltsrd.lite" version="1.0.137" name="Salts RD Lite" provider-name="TKnorris (XvBMC-NL MOD)">
    <requires>
        <import addon="xbmc.python" version="2.1.0"/>
		<import addon="repository.xvbmc" version="3.0.1"/>
        <import addon="script.module.urlresolver" version="3.0.0"/>
        <import addon="script.module.myconnpy" version="1.1.6" />
    </requires>
    <extension point="xbmc.python.pluginsource" library="default.py">
        <provides>video</provides>
    </extension>
     <extension point="xbmc.service" library="service.py" start="startup"/>
    <extension point="xbmc.addon.metadata">
        <summary>Stream video from many difference sources with EPiC SALTs RD Lite</summary>
        <description>This is the MOD version of SALTs by EPiC + Scott Marten (Credits -2- TKnorris obviously).</description>
        <platform>all</platform>
        <website>http://tvaddons.ag/</website>
		<forum>https://www.facebook.com/groups/XvBMCnederland/</forum>
	</extension>
</addon>
