<?xml version="1.0" encoding="UTF-8" standalone="yes"?>
<addon id="plugin.video.epicjijbuis"
	   name=" [COLOR white][B]EPiC[/B][/COLOR] JijBuis [COLOR dimgray]C.B.S.[/COLOR] [COLOR red][8bit][/COLOR]"
	   version="1.0.4"
       provider-name="EPiC XvBMC-NL">
  <requires>
    <import addon="repository.xvbmc" version="4.0.1"/>
    <import addon="xbmc.python" version="2.1.0"/>
    <import addon="script.module.addon.common" version="2.0.0"/>
    <import addon="plugin.video.youtube" version="5.3.8x"/>
  </requires>
  <extension point="xbmc.python.pluginsource" library="default.py">
    <provides>video</provides>
  </extension>
  <extension point="xbmc.addon.metadata">
    <summary>[B]EPiC[/B] JijBuis [COLOR white][B]C[/B][/COLOR]an't [COLOR white][B]B[/B][/COLOR]e [COLOR white][B]S[/B][/COLOR]topped</summary>
    <description>[B]EPiC[/B] JijBuis [COLOR white][B]C[/B][/COLOR]an't [COLOR white][B]B[/B][/COLOR]e [COLOR white][B]S[/B][/COLOR]topped [COLOR red][8bit][/COLOR] [COLOR dimgray]the[B] nr.1 [/B]Kodi music add-on[/COLOR]</description>
	<disclaimer>[B]EPiC[/B] JijBuis [COLOR white]C.B.S.[/COLOR] [B]-[/B]info @ http://bit.ly/XvBMC-NL (USE AT YOUR OWN! RISK)</disclaimer>
    <platform>all</platform>
    <license>GNU GENERAL PUBLIC LICENSE. Version 3, June 2007</license>
    <forum>https://www.fb.com/groups/XvBMCnederland/</forum>
    <website>http://bit.ly/XvBMC-NL</website>
    <source>http://bit.ly/XvBMC-Pi</source>
  </extension>
</addon>
