<?xml version="1.0" encoding="UTF-8" standalone="yes"?>
<addon id="repository.xvbmc" name="XvBMC Addon Depot" version="1.0.1" provider-name="XBMC Voor Beginners">
	<extension point="xbmc.addon.repository" name="XvBMC Add-on Depot">
		<dir>
			<info compressed="false">https://github.com/XvBMC/repository.xvbmc/raw/master/xvbmc-addons.xml</info>
			<checksum>https://github.com/XvBMC/repository.xvbmc/raw/master/xvbmc-addons.xml.md5</checksum>
			<datadir zip="true">https://github.com/XvBMC/repository.xvbmc/raw/master/zips/</datadir>
		</dir>
	</extension>
	<extension point="xbmc.addon.metadata">
		<summary lang="en">XvBMC Addon Repository</summary>
		<summary lang="nl">XvBMC Addon Depot</summary>
		<description lang="en">XvBMC Addon Repository / XvBMC Addon Depot</description>
		<description lang="nl">XvBMC Addon Depot / XvBMC Addon Repository</description>
		<disclaimer lang="en">READ: https://raw.githubusercontent.com/XvBMC/repository.xvbmc/master/LICENSE</disclaimer>
		<disclaimer lang="nl">LEES: https://raw.githubusercontent.com/XvBMC/repository.xvbmc/master/LICENSE</disclaimer>
		<platform>all</platform>
	</extension>
</addon>