<?xml version="1.0" encoding="UTF-8"?>
<window>
	<defaultcontrol always="true">95</defaultcontrol>
	<controls>
		<include>CommonBackground</include>
		<control type="group">
			<left>0</left>
			<top>128</top>
			<include>Window_OpenClose_Animation</include>
			<include>SystemLeftPanel</include>
			<control type="grouplist" id="9000">
				<left>82</left>
				<top>32</top>
				<width>356</width>
				<height>840</height>
				<itemgap>0</itemgap>
				<onup>9000</onup>
				<ondown>9000</ondown>
				<onleft>9001</onleft>
				<onright>9001</onright>
				<control type="button" id="95">
					<description>Button Summary Values</description>
					<height>90</height>
					<width>356</width>
					<textoffsetx>15</textoffsetx>
					<align>right</align>
					<aligny>center</aligny>
					<font>font15</font>
					<textcolor>grey2</textcolor>
					<focusedcolor>white</focusedcolor>
					<texturefocus colordiffuse="$VAR[HighlightBarColor]" border="3">listselect_fo.png</texturefocus>
					<texturenofocus border="1">separator5.png</texturenofocus>
					<label>20037</label>
				</control>
				<control type="button" id="94">
					<description>Button Storage</description>
					<height>90</height>
					<width>356</width>
					<textoffsetx>15</textoffsetx>
					<align>right</align>
					<aligny>center</aligny>
					<font>font15</font>
					<textcolor>grey2</textcolor>
					<focusedcolor>white</focusedcolor>
					<texturefocus colordiffuse="$VAR[HighlightBarColor]" border="3">listselect_fo.png</texturefocus>
					<texturenofocus border="1">separator5.png</texturenofocus>
					<label>13277</label>
				</control>
				<control type="button" id="96">
					<description>Button Network</description>
					<height>90</height>
					<width>356</width>
					<textoffsetx>15</textoffsetx>
					<align>right</align>
					<aligny>center</aligny>
					<font>font15</font>
					<textcolor>grey2</textcolor>
					<focusedcolor>white</focusedcolor>
					<texturefocus colordiffuse="$VAR[HighlightBarColor]" border="3">listselect_fo.png</texturefocus>
					<texturenofocus border="1">separator5.png</texturenofocus>
					<label>13279</label>
				</control>
				<control type="button" id="97">
					<description>Button Video</description>
					<height>90</height>
					<width>356</width>
					<textoffsetx>15</textoffsetx>
					<align>right</align>
					<aligny>center</aligny>
					<font>font15</font>
					<textcolor>grey2</textcolor>
					<focusedcolor>white</focusedcolor>
					<texturefocus colordiffuse="$VAR[HighlightBarColor]" border="3">listselect_fo.png</texturefocus>
					<texturenofocus border="1">separator5.png</texturenofocus>
					<label>13280</label>
				</control>
				<control type="button" id="98">
					<description>Button Hardware</description>
					<height>90</height>
					<width>356</width>
					<textoffsetx>15</textoffsetx>
					<align>right</align>
					<aligny>center</aligny>
					<font>font15</font>
					<textcolor>grey2</textcolor>
					<focusedcolor>white</focusedcolor>
					<texturefocus  colordiffuse="$VAR[HighlightBarColor]" border="3">listselect_fo.png</texturefocus>
					<texturenofocus border="1">separator5.png</texturenofocus>
					<label>13281</label>
				</control>
				<control type="button" id="99">
					<description>Button PVR</description>
					<height>90</height>
					<width>356</width>
					<textoffsetx>15</textoffsetx>
					<align>right</align>
					<aligny>center</aligny>
					<font>font15</font>
					<textcolor>grey2</textcolor>
					<focusedcolor>white</focusedcolor>
					<texturefocus colordiffuse="$VAR[HighlightBarColor]" border="3">listselect_fo.png</texturefocus>
					<texturenofocus border="1">separator5.png</texturenofocus>
					<label>19191</label>
				</control>
			</control>
			<control type="image">
				<description>separator image</description>
				<left>82</left>
				<top>692</top>
				<width>356</width>
				<height>60</height>
				<texture border="1">separator2.png</texture>
				<visible>!Container(9000).HasNext</visible>
			</control>
			<control type="image">
				<description>LOGO</description>
				<left>82</left>
				<top>752</top>
				<width>356</width>
				<height>120</height>
				<aspectratio>keep</aspectratio>
				<texture>aeon-nox-logo.png</texture>
			</control>
			<include>SystemRightPanel</include>
			<control type="image">
				<left>522</left>
				<top>32</top>
				<width>1316</width>
				<height>839</height>
				<aspectratio align="center">scale</aspectratio>
				<texture background="true">special://skin/backgrounds/default_settings.jpg</texture>
			</control>
			<control type="image">
				<left>522</left>
				<top>32</top>
				<width>1316</width>
				<height>839</height>
				<aspectratio align="center">scale</aspectratio>
				<texture>black.png</texture>
				<animation effect="fade" start="45" end="45" time="0" condition="true">conditional</animation>
			</control>
			<control type="image">
				<description>separator image</description>
				<left>522</left>
				<top>692</top>
				<width>1316</width>
				<height>60</height>
				<texture border="1">separator2.png</texture>
			</control>
			<control type="group">
				<left>552</left>
				<top>754</top>
				<control type="label" id="52">
					<description>XBMC BUILD Version</description>
					<left>-15</left>
					<top>0</top>
					<width>658</width>
					<height>115</height>
					<label>144</label>
					<align>left</align>
					<textcolor>$VAR[ThemeLabelColor]</textcolor>
					<wrapmultiline>true</wrapmultiline>
					<font>font15</font>
				</control>
				<control type="label">
					<description>CPU Text</description>
					<left>630</left>
					<top>20</top>
					<width>240</width>
					<height>24</height>
					<label>$LOCALIZE[13271]</label>
					<align>right</align>
					<aligny>center</aligny>
					<textcolor>grey2</textcolor>
					<font>font12_title</font>
				</control>
				<control type="progress">
					<description>CPU BAR</description>
					<left>880</left>
					<top>20</top>
					<width>380</width>
					<height>24</height>
					<info>System.CPUUsage</info>
					<texturebg border="2">osd/texturebg2.png</texturebg>
				</control>
				<control type="label">
					<description>Memory Text</description>
					<left>510</left>
					<top>70</top>
					<width>360</width>
					<height>24</height>
					<label>$LOCALIZE[31309]</label>
					<align>right</align>
					<aligny>center</aligny>
					<textcolor>grey2</textcolor>
					<font>font12_title</font>
				</control>
				<control type="progress">
					<description>Memory BAR</description>
					<left>880</left>
					<top>70</top>
					<width>380</width>
					<height>24</height>
					<texturebg border="2">osd/texturebg2.png</texturebg>
					<info>system.memory(used)</info>
				</control>
			</control>
			<control type="grouplist" id="9001">
				<left>522</left>
				<top>32</top>
				<width>1316</width>
				<height>720</height>
				<onleft>9000</onleft>
				<onright>9000</onright>
				<orientation>vertical</orientation>
				<pagecontrol>60</pagecontrol>
				<control type="button" id="2">
					<description>Label 2</description>
					<width>1316</width>
					<height>90</height>
					<label>-</label>
					<font>font15</font>
					<shadowcolor>shadow</shadowcolor>
					<texturenofocus border="1">separator5.png</texturenofocus>
				</control>
				<control type="button" id="3">
					<description>Label 3</description>
					<width>1316</width>
					<height>90</height>
					<label>-</label>
					<font>font15</font>
					<shadowcolor>shadow</shadowcolor>
					<texturenofocus border="1">separator5.png</texturenofocus>
				</control>
				<control type="button" id="4">
					<description>Label 4</description>
					<width>1316</width>
					<height>90</height>
					<label>-</label>
					<font>font15</font>
					<shadowcolor>shadow</shadowcolor>
					<texturenofocus border="1">separator5.png</texturenofocus>
				</control>
				<control type="button" id="5">
					<description>Label 5</description>
					<width>1316</width>
					<height>90</height>
					<label>-</label>
					<font>font15</font>
					<shadowcolor>shadow</shadowcolor>
					<texturenofocus border="1">separator5.png</texturenofocus>
				</control>
				<control type="button" id="6">
					<description>Label 6</description>
					<width>1316</width>
					<height>90</height>
					<label>-</label>
					<font>font15</font>
					<shadowcolor>shadow</shadowcolor>
					<texturenofocus border="1">separator5.png</texturenofocus>
				</control>
				<control type="button" id="7">
					<description>Label 7</description>
					<width>1316</width>
					<height>90</height>
					<label>-</label>
					<font>font15</font>
					<shadowcolor>shadow</shadowcolor>
					<texturenofocus border="1">separator5.png</texturenofocus>
				</control>
				<control type="button" id="8">
					<description>Label 8</description>
					<width>1316</width>
					<height>90</height>
					<label>-</label>
					<font>font15</font>
					<shadowcolor>shadow</shadowcolor>
					<texturenofocus border="1">separator5.png</texturenofocus>
				</control>
				<control type="button" id="9">
					<description>Label 9</description>
					<width>1316</width>
					<height>90</height>
					<label>-</label>
					<font>font15</font>
					<shadowcolor>shadow</shadowcolor>
					<texturenofocus border="1">separator5.png</texturenofocus>
				</control>
				<control type="button" id="10">
					<description>Label 10</description>
					<width>1316</width>
					<height>90</height>
					<label>-</label>
					<font>font15</font>
					<shadowcolor>shadow</shadowcolor>
					<texturenofocus border="1">separator5.png</texturenofocus>
				</control>
				<control type="button" id="11">
					<description>Label 11</description>
					<width>1316</width>
					<height>90</height>
					<label>-</label>
					<font>font15</font>
					<shadowcolor>shadow</shadowcolor>
					<texturenofocus border="1">separator5.png</texturenofocus>
				</control>
			</control>
		</control>
		<include>Topbar</include>
		<control type="label">
			<description>Credits:</description>
			<left>82</left>
			<top>35</top>
			<width>365</width>
			<height>30</height>
			<align>right</align>
			<aligny>center</aligny>
			<font>font15</font>
			<textcolor>labelheader</textcolor>
			<label>Made by:</label>
		</control>
		<control type="label">
			<description>Special Thanks:</description>
			<left>82</left>
			<top>90</top>
			<width>365</width>
			<height>30</height>
			<align>right</align>
			<aligny>center</aligny>
			<font>font15</font>
			<textcolor>labelheader</textcolor>
			<label>Special Thanks:</label>
		</control>
		<control type="label">
			<description>Makers</description>
			<left>522</left>
			<top>35</top>
			<width>1000</width>
			<height>30</height>
			<align>left</align>
			<aligny>center</aligny>
			<font>font15</font>
			<textcolor>labelheader</textcolor>
			<label>Scott Marten OpenELEQ Epic Tim</label>
		</control>
		<control type="label">
			<description>Helpers</description>
			<left>522</left>
			<top>90</top>
			<width>1000</width>
			<height>30</height>
			<align>left</align>
			<aligny>center</aligny>
			<font>font15</font>
			<textcolor>labelheader</textcolor>
			<label>XvBMC Crew BigNoid Mike Silvo Popcornmix Milhouse</label>
		</control>
		<control type="label">
			<description>Credits:</description>
			<left>82</left>
			<top>1020</top>
			<width>365</width>
			<height>30</height>
			<align>right</align>
			<aligny>center</aligny>
			<font>font15</font>
			<textcolor>labelheader</textcolor>
			<label>Raspberry Pi2-3</label>
		</control>
		<control type="label">
			<description>Overclock</description>
			<left>82</left>
			<top>800</top>
			<width>365</width>
			<height>30</height>
			<align>right</align>
			<aligny>center</aligny>
			<font>font15</font>
			<textcolor>labelheader</textcolor>
			<label>Overclock Mode</label>
		</control>
		<control type="label">
			<description>Waarde</description>
			<left>522</left>
			<top>800</top>
			<width>558</width>
			<height>30</height>
			<align>left</align>
			<aligny>center</aligny>
			<font>font15</font>
			<textcolor>labelheader</textcolor>
			<label>Turbo</label>
		</control>
		<control type="label">
			<description>Versie</description>
			<left>522</left>
			<top>1020</top>
			<width>558</width>
			<height>30</height>
			<align>left</align>
			<aligny>center</aligny>
			<font>font15</font>
			<textcolor>labelheader</textcolor>
			<label>XvBMC V3.0 Jarvis Build</label>
		</control>
	</controls>
</window>