{
  "channels": [
    {
      "guid": "48DDDDCB-5500-4422-8AFC-8312B72E1ABA",
      "name": "Nick Jr.",
      "description": "Afleveringen van NickJr.nl",
      "icon": "nickjrlarge.png",
      "category": "Kids",
      "channelcode": "nickjrnl",
      "sortorder": 22,
      "language": "nl",
      "fanart": "nickjrfanart.jpg"
    },
    {
      "guid": "27A74E50-838B-4F0D-98DE-82E7403567C8",
      "name": "Nick Jr. International",
      "description": "Episodes from NickJr International",
      "icon": "nickjrlarge.png",
      "category": "Kids",
      "channelcode": "nickjrintl",
      "sortorder": 22,
      "fanart": "nickjrfanart.jpg"
    }
  ]
}