<?xml version="1.0" encoding="UTF-8"?>
<includes>
	<include name="HomeRecentlyAddedInfo">
		<control type="group" id="9003">
			<onup>20</onup>
			<ondown condition="System.HasAddon(script.globalsearch)">608</ondown>
			<ondown condition="!System.HasAddon(script.globalsearch)">603</ondown>
			<visible>!Window.IsVisible(Favourites)</visible>
			<include>VisibleFadeEffect</include>
			<animation effect="fade" time="300" delay="1000">WindowOpen</animation>
			<animation effect="fade" time="200">WindowClose</animation>
			<control type="group">
				<left>190</left>
				<top>50</top>
				<visible>Library.HasContent(Movies)</visible>
				<visible>Container(9000).Hasfocus(10) + !Skin.HasSetting(HomepageHideRecentlyAddedVideo)</visible>
				<include>VisibleFadeEffect</include>
				<control type="label">
					<description>Recently Added Title label</description>
					<left>180</left>
					<top>220</top>
					<height>20</height>
					<width>540</width>
					<label>20386</label>
					<align>center</align>
					<aligny>center</aligny>
					<font>font12_title</font>
					<textcolor>white</textcolor>
					<shadowcolor>black</shadowcolor>
					<visible>!System.HasAddon(service.library.data.provider)</visible>
				</control>
				<control type="label">
					<description>Library Data Provider Title Label</description>
					<left>180</left>
					<top>220</top>
					<height>20</height>
					<width>540</width>
					<label>$LOCALIZE[31328] $LOCALIZE[342]</label>
					<align>center</align>
					<aligny>center</aligny>
					<font>font12_title</font>
					<textcolor>white</textcolor>
					<shadowcolor>black</shadowcolor>
					<visible>System.HasAddon(service.library.data.provider) + !Skin.HasSetting(HomepageShowRandomMovies)</visible>
				</control>
				<control type="label">
					<description>Random Title label</description>
					<posx>180</posx>
					<posy>220</posy>
					<height>20</height>
					<width>540</width>
					<label>$LOCALIZE[30003] $LOCALIZE[342]</label>
					<align>center</align>
					<aligny>center</aligny>
					<font>font12_title</font>
					<textcolor>white</textcolor>
					<shadowcolor>black</shadowcolor>
					<visible>System.HasAddon(service.library.data.provider) + Skin.HasSetting(HomepageShowRandomMovies)</visible>
				</control>
				<control type="list" id="8000">
					<animation effect="slide" start="0,0" end="90,0" time="0" condition="StringCompare(Container(8000).NumItems,4)">conditional</animation>
					<animation effect="slide" start="0,0" end="180,0" time="0" condition="StringCompare(Container(8000).NumItems,3)">conditional</animation>
					<animation effect="slide" start="0,0" end="270,0" time="0" condition="StringCompare(Container(8000).NumItems,2)">conditional</animation>
					<animation effect="slide" start="0,0" end="360,0" time="0" condition="StringCompare(Container(8000).NumItems,1)">conditional</animation>
					<left>0</left>
					<top>0</top>
					<width>900</width>
					<height>220</height>
					<onleft>8000</onleft>
					<onright>8000</onright>
					<onup>20</onup>
					<ondown condition="System.HasAddon(script.globalsearch)">608</ondown>
					<ondown condition="!System.HasAddon(script.globalsearch)">603</ondown>
					<viewtype label="535">list</viewtype>
					<pagecontrol>-</pagecontrol>
					<scrolltime>200</scrolltime>
					<orientation>Horizontal</orientation>
					<itemlayout height="220" width="180">
						<control type="image">
							<description>background</description>
							<left>0</left>
							<top>0</top>
							<width>180</width>
							<height>220</height>
							<texture border="15">RecentAddedBack.png</texture>
						</control>
						<control type="image">
							<left>10</left>
							<top>10</top>
							<width>160</width>
							<height>170</height>
							<texture background="true">$INFO[ListItem.Icon]</texture>
							<aspectratio>keep</aspectratio>
							<bordertexture border="5">button-nofocus.png</bordertexture>
							<bordersize>5</bordersize>
						</control>
						<control type="label">
							<visible>!System.HasAddon(service.library.data.provider)</visible>
							<left>15</left>
							<top>185</top>
							<width>150</width>
							<height>20</height>
							<font>font12</font>
							<textcolor>white</textcolor>
							<shadowcolor>black</shadowcolor>
							<selectedcolor>selected</selectedcolor>
							<align>center</align>
							<aligny>center</aligny>
							<label>$INFO[ListItem.Label]</label>
						</control>
						<control type="label">
							<visible>System.HasAddon(service.library.data.provider)</visible>
							<left>15</left>
							<top>185</top>
							<width>150</width>
							<height>20</height>
							<font>font12</font>
							<textcolor>white</textcolor>
							<shadowcolor>black</shadowcolor>
							<selectedcolor>selected</selectedcolor>
							<align>center</align>
							<aligny>center</aligny>
							<label>$INFO[ListItem.Title]</label>
						</control>
					</itemlayout>
					<focusedlayout height="220" width="180">
						<control type="image">
							<description>background</description>
							<left>0</left>
							<top>0</top>
							<width>180</width>
							<height>220</height>
							<texture border="15">RecentAddedBack.png</texture>
						</control>
						<control type="image">
							<left>10</left>
							<top>10</top>
							<width>160</width>
							<height>170</height>
							<texture background="true">$INFO[ListItem.Icon]</texture>
							<aspectratio>keep</aspectratio>
							<bordertexture border="5">folder-focus.png</bordertexture>
							<bordersize>5</bordersize>
							<visible>Control.HasFocus(8000)</visible>
						</control>
						<control type="image">
							<left>10</left>
							<top>10</top>
							<width>160</width>
							<height>170</height>
							<texture>$INFO[ListItem.Icon]</texture>
							<aspectratio>keep</aspectratio>
							<bordertexture border="5">button-nofocus.png</bordertexture>
							<bordersize>5</bordersize>
							<visible>!Control.HasFocus(8000)</visible>
						</control>
						<control type="group">
							<visible>!System.HasAddon(service.library.data.provider)</visible>
							<control type="label">
								<left>15</left>
								<top>185</top>
								<width>150</width>
								<height>20</height>
								<font>font12</font>
								<textcolor>white</textcolor>
								<shadowcolor>black</shadowcolor>
								<selectedcolor>selected</selectedcolor>
								<align>center</align>
								<aligny>center</aligny>
								<label>$INFO[ListItem.Label]</label>
								<visible>!Control.HasFocus(8000)</visible>
							</control>
							<control type="label">
								<left>15</left>
								<top>185</top>
								<width>150</width>
								<height>20</height>
								<font>font12</font>
								<textcolor>blue</textcolor>
								<selectedcolor>selected</selectedcolor>
								<align>center</align>
								<aligny>center</aligny>
								<label>$INFO[ListItem.Label]</label>
								<visible>Control.HasFocus(8000)</visible>
							</control>
						</control>
						<control type="group">
							<visible>System.HasAddon(service.library.data.provider)</visible>
							<control type="label">
								<left>15</left>
								<top>185</top>
								<width>150</width>
								<height>20</height>
								<font>font12</font>
								<textcolor>white</textcolor>
								<shadowcolor>black</shadowcolor>
								<selectedcolor>selected</selectedcolor>
								<align>center</align>
								<aligny>center</aligny>
								<label>$INFO[ListItem.Title]</label>
								<visible>!Control.HasFocus(8000)</visible>
							</control>
							<control type="label">
								<left>15</left>
								<top>185</top>
								<width>150</width>
								<height>20</height>
								<font>font12</font>
								<textcolor>blue</textcolor>
								<selectedcolor>selected</selectedcolor>
								<align>center</align>
								<aligny>center</aligny>
								<label>$INFO[ListItem.Title]</label>
								<visible>Control.HasFocus(8000)</visible>
							</control>
						</control>
					</focusedlayout>
					<include condition="!System.HasAddon(service.library.data.provider)">DefaultRecentlyAddedMovies</include>
 					<include condition="System.HasAddon(service.library.data.provider) + !Skin.HasSetting(HomepageShowRandomMovies)">LDPRecentlyAddedMovies</include>
 					<include condition="System.HasAddon(service.library.data.provider) + Skin.HasSetting(HomepageShowRandomMovies)">LDPRandomMovies</include>
				</control>
				<control type="button">
					<description>left Arrow</description>
					<left>-40</left>
					<top>90</top>
					<width>30</width>
					<height>40</height>
					<texturefocus>arrow-big-left.png</texturefocus>
					<texturenofocus>arrow-big-left.png</texturenofocus>
					<onclick>Control.Move(8000,-1)</onclick>
					<visible>Control.HasFocus(8000) + Container(8000).HasPrevious</visible>
					<include>VisibleFadeEffect</include>
				</control>
				<control type="button">
					<description>right Arrow</description>
					<left>910</left>
					<top>90</top>
					<width>30</width>
					<height>40</height>
					<texturefocus>arrow-big-right.png</texturefocus>
					<texturenofocus>arrow-big-right.png</texturenofocus>
					<onclick>Control.Move(8000,1)</onclick>
					<visible>Control.HasFocus(8000) + Container(8000).HasNext</visible>
					<include>VisibleFadeEffect</include>
				</control>
			</control>
			<control type="group">
				<left>160</left>
				<top>50</top>
				<visible>Library.HasContent(TVShows)</visible>
				<visible>Container(9000).Hasfocus(11) + !Skin.HasSetting(HomepageHideRecentlyAddedVideo)</visible>
				<include>VisibleFadeEffect</include>
				<control type="label">
					<description>Recently Added Title label</description>
					<left>240</left>
					<top>220</top>
					<height>20</height>
					<width>480</width>
					<label>20387</label>
					<align>center</align>
					<aligny>center</aligny>
					<font>font12_title</font>
					<textcolor>white</textcolor>
					<shadowcolor>black</shadowcolor>
					<visible>!System.HasAddon(service.library.data.provider)</visible>
				</control>
				<control type="label">
					<description>Library Data Provider Title label</description>
					<left>240</left>
					<top>220</top>
					<height>20</height>
					<width>480</width>
					<label>$LOCALIZE[31328] $LOCALIZE[20360]</label>
					<align>center</align>
					<aligny>center</aligny>
					<font>font12_title</font>
					<textcolor>white</textcolor>
					<shadowcolor>black</shadowcolor>
					<visible>System.HasAddon(service.library.data.provider) + !Skin.HasSetting(HomepageShowRandomTV)</visible>
				</control>
				<control type="label">
					<description>Random Title label</description>
					<left>240</left>
					<top>220</top>
					<height>20</height>
					<width>480</width>
					<label>$LOCALIZE[30003] $LOCALIZE[20360]</label>
					<align>center</align>
					<aligny>center</aligny>
					<font>font12_title</font>
					<textcolor>white</textcolor>
					<shadowcolor>black</shadowcolor>
					<visible>System.HasAddon(service.library.data.provider) + Skin.HasSetting(HomepageShowRandomTV)</visible>
				</control>
				<control type="list" id="8001">
					<animation effect="slide" start="0,0" end="120,0" time="0" condition="StringCompare(Container(8001).NumItems,3)">conditional</animation>
					<animation effect="slide" start="0,0" end="240,0" time="0" condition="StringCompare(Container(8001).NumItems,2)">conditional</animation>
					<animation effect="slide" start="0,0" end="360,0" time="0" condition="StringCompare(Container(8001).NumItems,1)">conditional</animation>
					<left>0</left>
					<top>0</top>
					<width>960</width>
					<height>240</height>
					<onleft>8001</onleft>
					<onright>8001</onright>
					<onup>20</onup>
					<ondown condition="System.HasAddon(script.globalsearch)">608</ondown>
					<ondown condition="!System.HasAddon(script.globalsearch)">603</ondown>
					<viewtype label="535">list</viewtype>
					<pagecontrol>-</pagecontrol>
					<scrolltime>200</scrolltime>
					<orientation>Horizontal</orientation>
					<focusposition>1</focusposition>
					<movement>2</movement>
					<itemlayout height="220" width="240">
						<control type="image">
							<description>background</description>
							<left>0</left>
							<top>0</top>
							<width>240</width>
							<height>220</height>
							<texture border="15">RecentAddedBack.png</texture>
						</control>
						<control type="image">
							<left>10</left>
							<top>10</top>
							<width>220</width>
							<height>155</height>
							<aspectratio>scale</aspectratio>
							<texture background="true">$INFO[ListItem.Icon]</texture>
							<bordertexture border="5">button-nofocus.png</bordertexture>
							<bordersize>5</bordersize>
						</control>
						<control type="group">
							<visible>!System.HasAddon(service.library.data.provider)</visible>
							<control type="label">
								<left>20</left>
								<top>168</top>
								<width>200</width>
								<height>20</height>
								<font>font10</font>
								<textcolor>grey2</textcolor>
								<shadowcolor>black</shadowcolor>
								<selectedcolor>selected</selectedcolor>
								<align>center</align>
								<aligny>center</aligny>
								<label>$INFO[ListItem.Label2]</label>
							</control>
							<control type="label">
								<left>20</left>
								<top>185</top>
								<width>200</width>
								<height>20</height>
								<font>font12</font>
								<textcolor>white</textcolor>
								<shadowcolor>black</shadowcolor>
								<selectedcolor>selected</selectedcolor>
								<align>center</align>
								<aligny>center</aligny>
								<label>$INFO[ListItem.Label]</label>
							</control>
						</control>
						<control type="group">
							<visible>System.HasAddon(service.library.data.provider)</visible>
							<control type="label">
								<visible>!Skin.HasSetting(HomepageShowSeasonEpisodes)</visible>
								<left>20</left>
								<top>168</top>
								<width>200</width>
								<height>20</height>
								<font>font10</font>
								<textcolor>grey2</textcolor>
								<shadowcolor>black</shadowcolor>
								<selectedcolor>selected</selectedcolor>
								<align>center</align>
								<aligny>center</aligny>
								<label>$INFO[ListItem.TVshowTitle]</label>
							</control>
							<control type="label">
								<visible>Skin.HasSetting(HomepageShowSeasonEpisodes)</visible>
								<left>20</left>
								<top>168</top>
								<width>200</width>
								<height>20</height>
								<font>font10</font>
								<textcolor>grey2</textcolor>
								<shadowcolor>black</shadowcolor>
								<selectedcolor>selected</selectedcolor>
								<align>center</align>
								<aligny>center</aligny>
								<label>$INFO[ListItem.TVshowTitle] - $INFO[ListItem.Property(episodeno)]</label>
							</control>
							<control type="label">
								<left>20</left>
								<top>185</top>
								<width>200</width>
								<height>20</height>
								<font>font12</font>
								<textcolor>white</textcolor>
								<shadowcolor>black</shadowcolor>
								<selectedcolor>selected</selectedcolor>
								<align>center</align>
								<aligny>center</aligny>
								<label>$INFO[ListItem.Title]</label>
							</control>
						</control>
					</itemlayout>
					<focusedlayout height="220" width="240">
						<control type="image">
							<description>background</description>
							<left>0</left>
							<top>0</top>
							<width>240</width>
							<height>220</height>
							<texture border="15">RecentAddedBack.png</texture>
						</control>
						<control type="image">
							<left>10</left>
							<top>10</top>
							<width>220</width>
							<height>155</height>
							<aspectratio>scale</aspectratio>
							<texture background="true">$INFO[ListItem.Icon]</texture>
							<bordertexture border="5">folder-focus.png</bordertexture>
							<bordersize>5</bordersize>
							<visible>Control.HasFocus(8001)</visible>
						</control>
						<control type="image">
							<left>10</left>
							<top>10</top>
							<width>220</width>
							<height>155</height>
							<aspectratio>scale</aspectratio>
							<texture>$INFO[ListItem.Icon]</texture>
							<bordertexture border="5">button-nofocus.png</bordertexture>
							<bordersize>5</bordersize>
							<visible>!Control.HasFocus(8001)</visible>
						</control>
						<control type="group">
							<visible>!System.HasAddon(service.library.data.provider)</visible>
							<control type="label">
								<left>20</left>
								<top>168</top>
								<width>200</width>
								<height>20</height>
								<font>font10</font>
								<textcolor>grey2</textcolor>
								<shadowcolor>black</shadowcolor>
								<selectedcolor>selected</selectedcolor>
								<align>center</align>
								<aligny>center</aligny>
								<label>$INFO[ListItem.Label2]</label>
							</control>
							<control type="label">
								<left>20</left>
								<top>185</top>
								<width>200</width>
								<height>20</height>
								<font>font12</font>
								<textcolor>white</textcolor>
								<shadowcolor>black</shadowcolor>
								<selectedcolor>selected</selectedcolor>
								<align>center</align>
								<aligny>center</aligny>
								<label>$INFO[ListItem.Label]</label>
							</control>
							<control type="label">
								<left>20</left>
								<top>185</top>
								<width>200</width>
								<height>20</height>
								<font>font12</font>
								<textcolor>blue</textcolor>
								<selectedcolor>selected</selectedcolor>
								<align>center</align>
								<aligny>center</aligny>
								<label>$INFO[ListItem.Label]</label>
								<visible>Control.HasFocus(8001)</visible>
							</control>
						</control>
						<control type="group">
							<visible>System.HasAddon(service.library.data.provider)</visible>
							<control type="group">
								<visible>!Control.HasFocus(8001)</visible>
								<control type="label">
									<visible>Skin.HasSetting(HomepageShowSeasonEpisodes)</visible>
									<left>20</left>
									<top>168</top>
									<width>200</width>
									<height>20</height>
									<font>font10</font>
									<textcolor>grey2</textcolor>
									<shadowcolor>black</shadowcolor>
									<selectedcolor>selected</selectedcolor>
									<align>center</align>
									<aligny>center</aligny>
									<label>$INFO[ListItem.TVshowTitle] - $INFO[ListItem.Property(episodeno)]</label>
								</control>
								<control type="label">
									<visible>!Skin.HasSetting(HomepageShowSeasonEpisodes)</visible>
									<left>20</left>
									<top>168</top>
									<width>200</width>
									<height>20</height>
									<font>font10</font>
									<textcolor>grey2</textcolor>
									<shadowcolor>black</shadowcolor>
									<selectedcolor>selected</selectedcolor>
									<align>center</align>
									<aligny>center</aligny>
									<label>$INFO[ListItem.TVshowTitle]</label>
								</control>
								<control type="label">
									<left>20</left>
									<top>185</top>
									<width>200</width>
									<height>20</height>
									<font>font12</font>
									<textcolor>white</textcolor>
									<shadowcolor>black</shadowcolor>
									<selectedcolor>selected</selectedcolor>
									<align>center</align>
									<aligny>center</aligny>
									<label>$INFO[ListItem.Title]</label>
								</control>
							</control>
							<control type="group">
								<visible>Control.HasFocus(8001)</visible>
								<control type="label">
									<visible>Skin.HasSetting(HomepageShowSeasonEpisodes)</visible>
									<left>20</left>
									<top>168</top>
									<width>200</width>
									<height>20</height>
									<font>font10</font>
									<textcolor>blue</textcolor>
									<shadowcolor>black</shadowcolor>
									<selectedcolor>selected</selectedcolor>
									<align>center</align>
									<aligny>center</aligny>
									<label>$INFO[ListItem.TVshowTitle] - $INFO[ListItem.Property(episodeno)]</label>
								</control>
								<control type="label">
									<visible>!Skin.HasSetting(HomepageShowSeasonEpisodes)</visible>
									<left>20</left>
									<top>168</top>
									<width>200</width>
									<height>20</height>
									<font>font10</font>
									<textcolor>blue</textcolor>
									<shadowcolor>black</shadowcolor>
									<selectedcolor>selected</selectedcolor>
									<align>center</align>
									<aligny>center</aligny>
									<label>$INFO[ListItem.TVshowTitle]</label>
								</control>
								<control type="label">
									<left>20</left>
									<top>185</top>
									<width>200</width>
									<height>20</height>
									<font>font12</font>
									<textcolor>blue</textcolor>
									<shadowcolor>black</shadowcolor>
									<selectedcolor>selected</selectedcolor>
									<align>center</align>
									<aligny>center</aligny>
									<label>$INFO[ListItem.Title]</label>
								</control>
							</control>
						</control>
					</focusedlayout>
					<include condition="!System.HasAddon(service.library.data.provider)">DefaultRecentlyAddedTV</include>
					<include condition="System.HasAddon(service.library.data.provider) + !Skin.HasSetting(HomepageShowRandomTV)">LDPRecentlyAddedTV</include>
					<include condition="System.HasAddon(service.library.data.provider) + Skin.HasSetting(HomepageShowRandomTV)">LDPRandomTV</include>
				</control>
				<control type="button">
					<description>left Arrow</description>
					<left>-40</left>
					<top>90</top>
					<width>30</width>
					<height>40</height>
					<texturefocus>arrow-big-left.png</texturefocus>
					<texturenofocus>arrow-big-left.png</texturenofocus>
					<onclick>Control.Move(8001,-1)</onclick>
					<visible>Control.HasFocus(8001) + Container(8001).HasPrevious</visible>
					<include>VisibleFadeEffect</include>
				</control>
				<control type="button">
					<description>right Arrow</description>
					<left>970</left>
					<top>90</top>
					<width>30</width>
					<height>40</height>
					<texturefocus>arrow-big-right.png</texturefocus>
					<texturenofocus>arrow-big-right.png</texturenofocus>
					<onclick>Control.Move(8001,1)</onclick>
					<visible>Control.HasFocus(8001) + Container(8001).HasNext</visible>
					<include>VisibleFadeEffect</include>
				</control>
			</control>
			<control type="group">
				<left>240</left>
				<top>50</top>
				<visible>Library.HasContent(Music)</visible>
				<visible>Container(9000).Hasfocus(3) + !Skin.HasSetting(HomepageHideRecentlyAddedAlbums)</visible>
				<include>VisibleFadeEffect</include>
				<control type="label">
					<description>Recently Added Title label</description>
					<left>160</left>
					<top>220</top>
					<height>20</height>
					<width>480</width>
					<label>359</label>
					<align>center</align>
					<aligny>center</aligny>
					<font>font12_title</font>
					<textcolor>white</textcolor>
					<shadowcolor>black</shadowcolor>
					<visible>!System.HasAddon(service.library.data.provider)</visible>
				</control>
				<control type="label">
					<description>Library Data Provider Title label</description>
					<label>$LOCALIZE[31328] $LOCALIZE[132]</label>
					<posx>160</posx>
					<posy>220</posy>
					<height>20</height>
					<width>480</width>
					<label>359</label>
					<align>center</align>
					<aligny>center</aligny>
					<font>font12_title</font>
					<textcolor>white</textcolor>
					<shadowcolor>black</shadowcolor>
					<visible>System.HasAddon(service.library.data.provider) + !Skin.HasSetting(HomepageShowRandomAlbums)</visible>
				</control>
				<control type="label">
					<description>Random Title label</description>
					<label>$LOCALIZE[30003] $LOCALIZE[132]</label>
					<posx>160</posx>
					<posy>220</posy>
					<height>20</height>
					<width>480</width>
					<label>359</label>
					<align>center</align>
					<aligny>center</aligny>
					<font>font12_title</font>
					<textcolor>white</textcolor>
					<shadowcolor>black</shadowcolor>
					<visible>System.HasAddon(service.library.data.provider) + Skin.HasSetting(HomepageShowRandomAlbums)</visible>
				</control>
				<control type="list" id="8002">
					<animation effect="slide" start="0,0" end="100,0" time="0" condition="StringCompare(Container(8002).NumItems,3)">conditional</animation>
					<animation effect="slide" start="0,0" end="200,0" time="0" condition="StringCompare(Container(8002).NumItems,2)">conditional</animation>
					<animation effect="slide" start="0,0" end="300,0" time="0" condition="StringCompare(Container(8002).NumItems,1)">conditional</animation>
					<left>0</left>
					<top>0</top>
					<width>800</width>
					<height>240</height>
					<onleft>8002</onleft>
					<onright>8002</onright>
					<onup>20</onup>
					<ondown condition="System.HasAddon(script.globalsearch)">608</ondown>
					<ondown condition="!System.HasAddon(script.globalsearch)">603</ondown>
					<viewtype label="535">list</viewtype>
					<pagecontrol>-</pagecontrol>
					<scrolltime>200</scrolltime>
					<orientation>Horizontal</orientation>
					<itemlayout height="220" width="200">
						<control type="image">
							<description>background</description>
							<left>0</left>
							<top>0</top>
							<width>200</width>
							<height>220</height>
							<texture border="15">RecentAddedBack.png</texture>
						</control>
						<control type="image">
							<left>10</left>
							<top>10</top>
							<width>180</width>
							<height>155</height>
							<aspectratio>keep</aspectratio>
							<texture background="true">$INFO[ListItem.Icon]</texture>
							<bordertexture border="5">button-nofocus.png</bordertexture>
							<bordersize>5</bordersize>
						</control>
						<control type="group">
							<visible>System.HasAddon(service.library.data.provider)</visible>
							<control type="label">
								<left>10</left>
								<top>170</top>
								<width>180</width>
								<height>20</height>
								<font>font10</font>
								<textcolor>grey2</textcolor>
								<shadowcolor>black</shadowcolor>
								<selectedcolor>selected</selectedcolor>
								<align>center</align>
								<aligny>center</aligny>
								<label>$INFO[ListItem.Artist]</label>
							</control>
							<control type="label">
								<left>10</left>
								<top>190</top>
								<width>180</width>
								<height>20</height>
								<font>font12</font>
								<textcolor>white</textcolor>
								<shadowcolor>black</shadowcolor>
								<selectedcolor>selected</selectedcolor>
								<align>center</align>
								<aligny>center</aligny>
								<label>$INFO[ListItem.Title]</label>
							</control>
						</control>
						<control type="group">
							<visible>!System.HasAddon(service.library.data.provider)</visible>
							<control type="label">
								<left>10</left>
								<top>170</top>
								<width>180</width>
								<height>20</height>
								<font>font10</font>
								<textcolor>grey2</textcolor>
								<shadowcolor>black</shadowcolor>
								<selectedcolor>selected</selectedcolor>
								<align>center</align>
								<aligny>center</aligny>
								<label>$INFO[ListItem.Label2]</label>
							</control>
							<control type="label">
								<left>10</left>
								<top>190</top>
								<width>180</width>
								<height>20</height>
								<font>font12</font>
								<textcolor>white</textcolor>
								<shadowcolor>black</shadowcolor>
								<selectedcolor>selected</selectedcolor>
								<align>center</align>
								<aligny>center</aligny>
								<label>$INFO[ListItem.Label]</label>
							</control>
						</control>
					</itemlayout>
					<focusedlayout height="220" width="200">
						<control type="image">
							<description>background</description>
							<left>0</left>
							<top>0</top>
							<width>200</width>
							<height>220</height>
							<texture border="15">RecentAddedBack.png</texture>
						</control>
						<control type="image">
							<left>10</left>
							<top>10</top>
							<width>180</width>
							<height>155</height>
							<aspectratio>keep</aspectratio>
							<texture background="true">$INFO[ListItem.Icon]</texture>
							<bordertexture border="5">folder-focus.png</bordertexture>
							<bordersize>5</bordersize>
							<visible>Control.HasFocus(8002)</visible>
						</control>
						<control type="image">
							<left>10</left>
							<top>10</top>
							<width>180</width>
							<height>155</height>
							<aspectratio>keep</aspectratio>
							<texture background="true">$INFO[ListItem.Icon]</texture>
							<bordertexture border="5">button-nofocus.png</bordertexture>
							<bordersize>5</bordersize>
							<visible>!Control.HasFocus(8002)</visible>
						</control>
						<control type="group">
							<visible>!Control.HasFocus(8002)</visible>
							<control type="group">
								<visible>System.HasAddon(service.library.data.provider)</visible>
								<control type="label">
									<left>10</left>
									<top>170</top>
									<width>180</width>
									<height>20</height>
									<font>font10</font>
									<textcolor>grey2</textcolor>
									<shadowcolor>black</shadowcolor>
									<selectedcolor>selected</selectedcolor>
									<align>center</align>
									<aligny>center</aligny>
									<label>$INFO[ListItem.Artist]</label>
								</control>
								<control type="label">
									<left>10</left>
									<top>190</top>
									<width>180</width>
									<height>20</height>
									<font>font12</font>
									<textcolor>white</textcolor>
									<shadowcolor>black</shadowcolor>
									<selectedcolor>selected</selectedcolor>
									<align>center</align>
									<aligny>center</aligny>
									<label>$INFO[ListItem.Title]</label>
								</control>
							</control>
							<control type="group">
								<visible>!System.HasAddon(service.library.data.provider)</visible>
								<control type="label">
									<left>10</left>
									<top>170</top>
									<width>180</width>
									<height>20</height>
									<font>font10</font>
									<textcolor>grey2</textcolor>
									<shadowcolor>black</shadowcolor>
									<selectedcolor>selected</selectedcolor>
									<align>center</align>
									<aligny>center</aligny>
									<label>$INFO[ListItem.Label2]</label>
								</control>
								<control type="label">
									<left>10</left>
									<top>190</top>
									<width>180</width>
									<height>20</height>
									<font>font12</font>
									<textcolor>white</textcolor>
									<shadowcolor>black</shadowcolor>
									<selectedcolor>selected</selectedcolor>
									<align>center</align>
									<aligny>center</aligny>
									<label>$INFO[ListItem.Label]</label>
								</control>
							</control>
						</control>
						<control type="group">
							<visible>Control.HasFocus(8002)</visible>
							<control type="group">
								<visible>System.HasAddon(service.library.data.provider)</visible>
								<control type="label">
									<left>10</left>
									<top>170</top>
									<width>180</width>
									<height>20</height>
									<font>font10</font>
									<textcolor>blue</textcolor>
									<shadowcolor>black</shadowcolor>
									<selectedcolor>selected</selectedcolor>
									<align>center</align>
									<aligny>center</aligny>
									<label>$INFO[ListItem.Artist]</label>
								</control>
								<control type="label">
									<left>10</left>
									<top>190</top>
									<width>180</width>
									<height>20</height>
									<font>font12</font>
									<textcolor>blue</textcolor>
									<shadowcolor>black</shadowcolor>
									<selectedcolor>selected</selectedcolor>
									<align>center</align>
									<aligny>center</aligny>
									<label>$INFO[ListItem.Title]</label>
								</control>
							</control>
							<control type="group">
								<visible>!System.HasAddon(service.library.data.provider)</visible>
								<control type="label">
									<left>10</left>
									<top>170</top>
									<width>180</width>
									<height>20</height>
									<font>font10</font>
									<textcolor>blue</textcolor>
									<shadowcolor>black</shadowcolor>
									<selectedcolor>selected</selectedcolor>
									<align>center</align>
									<aligny>center</aligny>
									<label>$INFO[ListItem.Label2]</label>
								</control>
								<control type="label">
									<left>10</left>
									<top>190</top>
									<width>180</width>
									<height>20</height>
									<font>font12</font>
									<textcolor>blue</textcolor>
									<shadowcolor>black</shadowcolor>
									<selectedcolor>selected</selectedcolor>
									<align>center</align>
									<aligny>center</aligny>
									<label>$INFO[ListItem.Label]</label>
								</control>
							</control>
						</control>
					</focusedlayout>
					<include condition="!System.HasAddon(service.library.data.provider)">DefaultRecentlyAddedAlbums</include>
					<include condition="System.HasAddon(service.library.data.provider) + !Skin.HasSetting(HomepageShowRandomAlbums)">LDPRecentlyAddedAlbums</include>
					<include condition="System.HasAddon(service.library.data.provider) + Skin.HasSetting(HomepageShowRandomAlbums)">LDPRandomAlbums</include>
				</control>
				<control type="button">
					<description>left Arrow</description>
					<left>-40</left>
					<top>90</top>
					<width>30</width>
					<height>40</height>
					<texturefocus>arrow-big-left.png</texturefocus>
					<texturenofocus>arrow-big-left.png</texturenofocus>
					<onclick>Control.Move(8002,-1)</onclick>
					<visible>Control.HasFocus(8002) + Container(8002).HasPrevious</visible>
					<include>VisibleFadeEffect</include>
				</control>
				<control type="button">
					<description>right Arrow</description>
					<left>810</left>
					<top>90</top>
					<width>30</width>
					<height>40</height>
					<texturefocus>arrow-big-right.png</texturefocus>
					<texturenofocus>arrow-big-right.png</texturenofocus>
					<onclick>Control.Move(8002,1)</onclick>
					<visible>Control.HasFocus(8002) + Container(8002).HasNext</visible>
					<include>VisibleFadeEffect</include>
				</control>
			</control>
		</control>
	</include>
</includes>
