{
  "channels": [
    {
      "guid": "2FB36241-5BB1-4D38-AD36-F48EAE91CDB5",
      "name": "NRK.no",
      "description": "Sendinger fra Norsk Rikskringkasting (NRK.no)",
      "icon": "nrknolarge.png",
      "category": "National",
      "channelcode": "nrkno",
      "sortorder": 1,
      "language": "no",
      "compatible": "Environments.All",
      "fanart": "nrkfanart.jpg"
    }
  ],
  "settings": [
    {
      "order": 1,
      "id": "spoof_ip",
      "value": "label=\"30079\" type=\"ipaddress\" default=\"0.0.0.0\""
    }
  ]
}