<?xml version="1.0" encoding="UTF-8" standalone="yes"?>
<addon id="plugin.video.party-time!"
	name="Party Time!"
	version="1.0.4"
	provider-name="Scott Marten">
  <requires>
    <import addon="xbmc.python" version="2.1.0"/>
    <import addon="script.module.addon.common" version="2.0.0"/>
    <import addon="plugin.video.youtube" version="5.0.0"/>
  </requires>
  <extension point="xbmc.python.pluginsource" library="default.py">
    <provides>video</provides>
  </extension>
  <extension point="xbmc.addon.metadata">
    <summary lang="en">Harderstylez Podcast and more!</summary>
    <description lang="en">Great collection of Hardstyle and Hardcore youtube movies, and podcasts from Zany, Coone, Brennan Heart enz enz..</description>
    <platform>all</platform>
    <forum>n/a</forum>
    <website>n/a</website>
  </extension>
</addon>
