<?xml version="1.0" encoding="UTF-8" standalone="yes"?>
<addon id="repository.xvbmc" name=" [B][COLOR lime]X[/COLOR][/B]vBMC Addon Depot" version="1.1.2" provider-name="XBMC voor Beginners">
	<extension point="xbmc.addon.repository" name="XvBMC Add-on Depot">
		<dir>
			<info compressed="false">https://github.com/XvBMC/repository.xvbmc/raw/master/xvbmc-addons.xml</info>
			<checksum>https://github.com/XvBMC/repository.xvbmc/raw/master/xvbmc-addons.xml.md5</checksum>
			<datadir zip="true">https://raw.github.com/XvBMC/repository.xvbmc/master/zips/</datadir>
		</dir>
	</extension>
	<extension point="xbmc.addon.metadata">
		<summary lang="en">XvBMC Addon REPOsitory for beginners</summary>
		<summary lang="nl">XvBMC Addon REPOsitory voor beginners</summary>
		<disclaimer lang="en">The owners and submitters to this repository do not host or distribute any of the content displayed by these addons nor do they have any affiliation with its content.</disclaimer>
		<disclaimer lang="nl">The owners and submitters to this repository do not host or distribute any of the content displayed by these addons nor do they have any affiliation with its content.</disclaimer>
		<platform>all</platform>
		<license>GNU GENERAL PUBLIC LICENSE. Version 3, June 2007</license>
		<description>[B]XvBMC Addon Repository / XvBMC Addon Depot[/B]
 
 https://www.fb.com/groups/Xbmcvoorbeginners 
 https://www.fb.com/groups/XbmcVoorBeginnersRaspberryPi/ 
 https://www.fb.com/groups/xbmcvoorbeginners.android/ 
 https://www.fb.com/groups/XbmcvoorbeginnersfilmsForum/ 
 https://www.fb.com/groups/XbmcVoorBeginnersSportChat/ 
 https://www.fb.com/groups/xbmckoopenverkoop/ 
 
[B]XvBMC Addon Repository / XvBMC Addon Depot[/B]
		</description>
	</extension>
</addon>