<?xml version="1.0" encoding="UTF-8" standalone="yes"?>
<addon id="plugin.audio.ctrl-radio"
       name=" [COLOR pink].:C.T.R.L:.[/COLOR][COLOR hotpink] Radio[/COLOR][COLOR red] [8bit][/COLOR]"
       version="1.0.0"
       provider-name="XvBMC-NL">
  <requires>
    <import addon="repository.xvbmc" version="4.2"/>
    <import addon="xbmc.python" version="2.14.0"/>
  </requires>
   <extension point="xbmc.python.pluginsource" library="default.py">
   <provides>audio</provides>
  </extension>
  <extension point="xbmc.addon.metadata">
    <summary lang="en">.:C.T.R.L:. Radio</summary>
    <description lang="en">XvBMC-NL presents .:C.T.R.L:. radio</description>
    <disclaimer lang="en">.:C.T.R.L:. Radio by XvBMC-NL, see: https://bit.ly/XvBMC-Gaming</disclaimer>
    <platform>all</platform>
    <license>GNU GENERAL PUBLIC LICENSE. Version 3, June 2007</license>
    <forum>http://bit.ly/XvBMC-NL</forum>
    <website>https://bit.ly/XvBMC-Android</website>
    <source>http://bit.ly/XvBMC-Pi</source>
    <news>v1.0.0: initial release</news>
    <assets>
        <icon>icon.png</icon>
        <fanart>fanart.jpg</fanart>
        <screenshot></screenshot>
    </assets>
  </extension>
</addon>
