<?xml version="1.0" encoding="UTF-8" standalone="yes"?>
<addon id="repository.eagle" name="The Eagle Repository" version="1.0.1" provider-name="Eagle Repo">
	<extension point="xbmc.addon.repository" name="The Eagle Repository">
		<info compressed="false">https://raw.githubusercontent.com/EagleRepo/EagleRepo/master/addons.xml</info>
		<checksum>https://raw.githubusercontent.com/EagleRepo/EagleRepo/master/addons.xml.md5</checksum>
		<datadir zip="true">https://raw.githubusercontent.com/EagleRepo/EagleRepo/master/zips</datadir>
	</extension>
	<extension point="xbmc.addon.metadata">
		<summary>The Eagle Repository</summary>
		<description>The Eagle Repository</description>
		<disclaimer></disclaimer>
		<platform>all</platform>
	</extension>
</addon>