<?xml version="1.0" encoding="UTF-8" standalone="yes"?>

<addon id="plugin.video.kmediatorrent" name="KMediaTorrent" version="24.3.9" provider-name="jmarth +OpenELEQ +EPiC TiM -4- XvBMC">
    <requires>
        <import addon="xbmc.python" version="2.14.0"/>
        <import addon="script.module.requests" version="2.3.5"/>    
        <import addon="script.module.html5lib" version="0.999.0" optional="false"/>
        <import addon="script.module.beautifulsoup4" version="4.3.2"/>
    </requires>
    <extension point="xbmc.python.pluginsource" library="addon.py">
        <provides>video</provides>
    </extension>
    <extension point="xbmc.addon.metadata">
        <platform>all</platform>
        <summary><![CDATA[Torrent streaming 
        for KODI/XBMC.]]></summary>
        <description><![CDATA[Watch torrents directly from KODI/XBMC, without waiting. TiM-4-XvBMC]]></description>
    </extension>
</addon>
