﻿<?xml version="1.0" encoding="UTF-8" standalone="yes"?>
<addon id="plugin.video.genesis" name="Specto EPiC Genesis FORK"  version="2016.03.05.1" provider-name="mrknow (+EPiC *fork* -4- XvBMC)" >
	<requires>
		<import addon="xbmc.python" version="2.1.0" />
		<import addon="script.module.requests" version="1.0.0" />
		<import addon="script.module.metahandler" optional="true" />
		<import addon="plugin.video.youtube" optional="true" />

	</requires>
	<extension point="xbmc.python.pluginsource" library="default.py">
		<provides>video</provides>
	</extension>
	<extension point="xbmc.service" library="service.py" start="startup" />
	<extension point="xbmc.addon.metadata">
		<summary lang="en">Mrknow fork of GENESiS (XvBMC TiP: USE Salts HD/RD Lite 'fork' INSTEAD!) Trakt+RealDebrid *UNDER CONSTRUCTION*</summary>
		<description lang="en">Mrknow Specto-fork of GENESiS; *official Specto support* @ https://github.com/mrknow/filmkodi/issues (XvBMC TiP: USE Salts HD/RD Lite 'fork' INSTEAD!) Trakt+RealDebrid *UNDER CONSTRUCTION*</description>
		<disclaimer lang="en">The author does not host or distribute any of the content displayed by this addon. The author does not have any affiliation with the content provider. (XvBMC TiP: USE Salts HD/RD Lite 'fork' INSTEAD!) Trakt+RealDebrid *UNDER CONSTRUCTION*</disclaimer>
		<forum>https://github.com/mrknow/filmkodi/issues</forum>
		<source>http://filmkodi.com/repository/</source>
		<website>http://filmkodi.com/en/wtyczka-specto-fork-genesis/</website>
		<platform>all</platform>
	</extension>
</addon>
