<favourites>
	<favourite name="[COLOR red]- [/COLOR][COLOR yellow][ Live Sport ][/COLOR][COLOR red] -[/COLOR]" thumb="">SF_MANUAL_CMD_1</favourite>
	<favourite name="" thumb="">SF_MANUAL_CMD_2</favourite>
	<favourite name="[COLOR red]- [/COLOR][COLOR yellow][ NL Sport ][/COLOR][COLOR red] -[/COLOR]" thumb="">SF_MANUAL_CMD_2</favourite>
	<favourite name="NOS Sportjournaal" thumb="http://mediadb.omroep.nl/assets/000/864/695.jpg">ActivateWindow(10025,&quot;plugin://plugin.video.uzg/afleveringen/7595/&quot;)</favourite>
	<favourite name="NOS Studio Sport Extra" thumb="">ActivateWindow(10025,&quot;plugin://plugin.video.uzg/afleveringen/POMS_S_NOS_470849/&quot;)</favourite>
	<favourite name="NOS Studio Sport" thumb="">ActivateWindow(10025,&quot;plugin://plugin.video.uzg/afleveringen/12stspZaR/&quot;)</favourite>
	<favourite name="NOS Studio Voetbal" thumb="">ActivateWindow(10025,&quot;plugin://plugin.video.uzg/afleveringen/POMS_S_NOS_470464/&quot;)</favourite>
	<favourite name="RTL 7 Darts: Premier League" thumb="http://covers.rtl.nl/system/cover/l/ipad/359957">ActivateWindow(10025,&quot;plugin://plugin.video.rtlxl/keuze/http%3A%2F%2Fwww.rtl.nl%2Fsystem%2Fs4m%2Fipadfd%2Fd%3Dipad%2Ffmt%3Dadaptive%2Fak%3D251966%2F/&quot;,return)</favourite>
	<favourite name="" thumb="">SF_MANUAL_CMD_6</favourite>
	<favourite name="[COLOR red]- [/COLOR][COLOR yellow][ Sport Add-ons ][/COLOR][COLOR red] -[/COLOR]" thumb="">SF_MANUAL_CMD_3</favourite>
	<favourite name="Football Highlights" thumb="special://home/addons/plugin.video.highlights/icon.png">ActivateWindow(10025,&quot;plugin://plugin.video.highlights/?sf_options=fanart%3Dspecial%3A%2F%2Fhome%2Faddons%2Fplugin.video.highlights%2Ffanart.jpg%26_options_sf&quot;)</favourite>
	<favourite name="Extreme Sports" thumb="special://home/addons/plugin.video.extreme.com/icon.png">ActivateWindow(10025,&quot;plugin://plugin.video.extreme.com/&quot;)</favourite>
	<favourite name="Boxing Greatest Fights" thumb="http://s27.postimg.org/47oslnlf7/Boxing_Fights.jpg">ActivateWindow(10025,&quot;plugin://plugin.video.phstreams/?action=ndmode&amp;audio=0&amp;content=0&amp;fanart=http%3a%2f%2fcoolbackgroundhd.com%2fwp-content%2fuploads%2f2015%2f04%2fangels-wings-fire-wallpaper.jpg&amp;image=http%3a%2f%2fs27.postimg.org%2f47oslnlf7%2fBoxing_Fights.jpg&amp;name=Boxing%20Greatest%20Fights&amp;playable=false&amp;tvshow=0&amp;url=http%3a%2f%2fgibraltar.watchkodi.com%2fCollections%2fboxingfights.xml&amp;sf_options=fanart%3Dhttp%3A%2F%2Fcoolbackgroundhd.com%2Fwp-content%2Fuploads%2F2015%2F04%2Fangels-wings-fire-wallpaper.jpg%26desc%3DDiscover+Great+Streaming+Playlists%21%26_options_sf&quot;,return)</favourite>
	<favourite name="History Of Football The Beautiful Game" thumb="http://s12.postimg.org/iugxdxsp9/History_Of_Soccer.jpg">ActivateWindow(10025,&quot;plugin://plugin.video.phstreams/?action=ndmode&amp;audio=0&amp;content=0&amp;fanart=http%3a%2f%2fcoolbackgroundhd.com%2fwp-content%2fuploads%2f2015%2f04%2fangels-wings-fire-wallpaper.jpg&amp;image=http%3a%2f%2fs12.postimg.org%2fiugxdxsp9%2fHistory_Of_Soccer.jpg&amp;name=History%20Of%20Football%20The%20Beautiful%20Game&amp;playable=false&amp;tvshow=0&amp;url=http%3a%2f%2fgibraltar.watchkodi.com%2fMisc%2fhistoryfootball.xml&amp;sf_options=fanart%3Dhttp%3A%2F%2Fcoolbackgroundhd.com%2Fwp-content%2Fuploads%2F2015%2F04%2Fangels-wings-fire-wallpaper.jpg%26desc%3DDiscover+Great+Streaming+Playlists%21%26_options_sf&quot;,return)</favourite>
	<favourite name="Sports Documentaries" thumb="http://s15.postimg.org/5xw0lhdsb/Sports_Docs.jpg">ActivateWindow(10025,&quot;plugin://plugin.video.phstreams/?action=ndmode&amp;audio=0&amp;content=0&amp;fanart=http%3a%2f%2fcoolbackgroundhd.com%2fwp-content%2fuploads%2f2015%2f04%2fangels-wings-fire-wallpaper.jpg&amp;image=http%3a%2f%2fs15.postimg.org%2f5xw0lhdsb%2fSports_Docs.jpg&amp;name=Sports%20Documentaries&amp;playable=false&amp;tvshow=0&amp;url=http%3a%2f%2fgibraltar.watchkodi.com%2fMisc%2fsportdocs.xml&amp;sf_options=fanart%3Dhttp%3A%2F%2Fcoolbackgroundhd.com%2Fwp-content%2Fuploads%2F2015%2F04%2Fangels-wings-fire-wallpaper.jpg%26desc%3DDiscover+Great+Streaming+Playlists%21%26_options_sf&quot;,return)</favourite>
	<favourite name="MD Sports Extra" thumb="special://home/addons/plugin.video.mdsportsextra/icon.png">ActivateWindow(10025,&quot;plugin://plugin.video.mdsportsextra?sf_options=fanart%3Dspecial%3A%2F%2Fhome%2Faddons%2Fplugin.video.mdsportsextra%2Ffanart.jpg%26desc%3DFootball+Stats%2C+Results%2C+Fixtures+And+More%26_options_sf&quot;,return)</favourite>
</favourites>