<favourites>
	<favourite name="[COLOR red]- [/COLOR][COLOR yellow][ back -2- [B]Sports[/B] section ][/COLOR][COLOR red] -[/COLOR]" thumb="">ActivateWindow(10025,&quot;plugin://plugin.program.super.favourites/?label=SPORTS&amp;mode=400&amp;folder=Sports&amp;sf_options=fanart%3DNULL%26_options_sf&quot;,return)</favourite>
	<favourite name="" thumb="">SF_MANUAL_CMD_1</favourite>
	<favourite name="A Football Life" thumb="http://s30.postimg.org/rjpyh1wwx/AFootball_Life.jpg">ActivateWindow(10025,&quot;plugin://plugin.video.phstreams/?action=directory&amp;url=http%3a%2f%2fone242415.offshorepastebin.com%2fCollections%2ffootballLife.xml&amp;sf_options=fanart%3Dhttps%3A%2F%2Fi.imgsafe.org%2F25a45ee.jpg%26_options_sf&quot;,return)</favourite>
	<favourite name="Boxing Greatest Fights" thumb="http://s27.postimg.org/47oslnlf7/Boxing_Fights.jpg">ActivateWindow(10025,&quot;plugin://plugin.video.phstreams/?action=directory&amp;url=http%3a%2f%2fone242415.offshorepastebin.com%2fCollections%2fboxingfights.xml&amp;sf_options=fanart%3Dhttps%3A%2F%2Fi.imgsafe.org%2F25a45ee.jpg%26_options_sf&quot;,return)</favourite>
	<favourite name="ESPN 30 For 30" thumb="http://s27.postimg.org/4b8n64foz/Espn30.jpg">ActivateWindow(10025,&quot;plugin://plugin.video.phstreams/?action=directory&amp;url=http%3a%2f%2fone242415.offshorepastebin.com%2fMisc%2f30for30.xml&amp;sf_options=fanart%3Dhttps%3A%2F%2Fi.imgsafe.org%2F25a45ee.jpg%26_options_sf&quot;,return)</favourite>
	<favourite name="Fitness" thumb="http://s21.postimg.org/jr9dvc6p3/Fitness.jpg">ActivateWindow(10025,&quot;plugin://plugin.video.phstreams/?action=directory&amp;url=http%3a%2f%2fone242415.offshorepastebin.com%2ffitness%2ffitness_directory.xml&amp;sf_options=fanart%3Dhttps%3A%2F%2Fi.imgsafe.org%2F25a45ee.jpg%26_options_sf&quot;,return)</favourite>
	<favourite name="HORSE RACING" thumb="http://s17.postimg.org/migj67i27/Horse_Racing.jpg">ActivateWindow(10025,&quot;plugin://plugin.video.phstreams/?action=directory&amp;url=http%3a%2f%2fone242415.offshorepastebin.com%2fHorseRace1%2fHorseRace1_Directory.xml&amp;sf_options=fanart%3Dhttps%3A%2F%2Fi.imgsafe.org%2F25a45ee.jpg%26_options_sf&quot;,return)</favourite>
	<favourite name="Mixed Martial Arts" thumb="https://i.imgsafe.org/a847a2a.jpg">ActivateWindow(10025,&quot;plugin://plugin.video.phstreams/?action=directory&amp;url=http%3a%2f%2fone242415.offshorepastebin.com%2fMisc%2fMMA.xml&amp;sf_options=fanart%3Dhttps%3A%2F%2Fi.imgsafe.org%2F25a45ee.jpg%26_options_sf&quot;,return)</favourite>
	<favourite name="Sports Documentaries" thumb="https://i.imgsafe.org/6b25706.jpg">ActivateWindow(10025,&quot;plugin://plugin.video.phstreams/?action=directory&amp;url=http%3a%2f%2fone242415.offshorepastebin.com%2fMisc%2fsportdocs.xml&amp;sf_options=fanart%3Dhttps%3A%2F%2Fi.imgsafe.org%2F25a45ee.jpg%26_options_sf&quot;,return)</favourite>
	<favourite name="Sports Movies" thumb="http://s4.postimg.org/av5nyzqwt/Sports_Films_HD.jpg">ActivateWindow(10025,&quot;plugin://plugin.video.phstreams/?action=directory&amp;url=http%3a%2f%2fone242415.offshorepastebin.com%2fMovies%2fHDSport.xml&amp;sf_options=fanart%3Dhttps%3A%2F%2Fi.imgsafe.org%2F25a45ee.jpg%26_options_sf&quot;,return)</favourite>
	<favourite name="Sports Films" thumb="http://s28.postimg.org/m39uqniy5/Sports_Films.jpg">ActivateWindow(10025,&quot;plugin://plugin.video.phstreams/?action=directory&amp;url=http%3a%2f%2fone242415.offshorepastebin.com%2fSports%2fSports_Directory.xml&amp;sf_options=fanart%3Dhttps%3A%2F%2Fi.imgsafe.org%2F25a45ee.jpg%26_options_sf&quot;,return)</favourite>
	<favourite name="The Hunting Channel" thumb="http://s4.postimg.org/8aykhwfgd/Hunting_Channel.jpg">ActivateWindow(10025,&quot;plugin://plugin.video.phstreams/?action=directory&amp;url=http%3a%2f%2fone242415.offshorepastebin.com%2fHunting%2fHunting_Directory.xml&amp;sf_options=fanart%3Dhttps%3A%2F%2Fi.imgsafe.org%2F25a45ee.jpg%26_options_sf&quot;,return)</favourite>
	<favourite name="Wrestling" thumb="http://s11.postimg.org/u668efq7n/Wrestling.jpg">ActivateWindow(10025,&quot;plugin://plugin.video.phstreams/?action=directory&amp;url=http%3a%2f%2fone242415.offshorepastebin.com%2fMisc%2fWrestling.xml&amp;sf_options=fanart%3Dhttps%3A%2F%2Fi.imgsafe.org%2F25a45ee.jpg%26_options_sf&quot;,return)</favourite>
	<favourite name="" thumb="">SF_MANUAL_CMD_2</favourite>
	<favourite name="[COLOR red]+ [/COLOR][COLOR yellow][B]Playlists[/B] - YouTube [...][/COLOR]" thumb="special://userdata/addon_data/plugin.program.super.favourites/Super Favourites/Sports/evilpi.png">ActivateWindow(10025,&quot;plugin://plugin.program.super.favourites/?label=JijBuiSplaylists&amp;mode=400&amp;folder=Sports-jijbuis&amp;sf_options=fanart%3DNULL%26_options_sf&quot;,return)</favourite>
</favourites>