<?xml version="1.0" encoding="UTF-8" standalone="yes"?>
<addon id="plugin.video.kidstime"
	name="KidsTime"
	version="1.1.4"
	provider-name="KAOSbox+XvBMC-NL">
  <requires>
    <import addon="xbmc.python" version="2.1.0"/>
    <import addon="repository.xvbmc" version="4.2"/>
    <import addon="script.module.addon.common" version="2.0.0"/>
    <import addon="plugin.video.youtube" version="5.4"/>
  </requires>
  <extension point="xbmc.python.pluginsource" library="default.py">
    <provides>video</provides>
  </extension>
  <extension point="xbmc.addon.metadata">
    <summary lang="nl">KidsTime</summary>
    <description lang="nl">De beste en leukste YouTube kanalen voor kinderen.</description>
    <disclaimer>By using this, you take reponsibility for anything that happens.</disclaimer>
    <platform>all</platform>
    <license>GNU GENERAL PUBLIC LICENSE. Version 3, June 2007</license>
    <forum>https://www.fb.com/groups/XvBMCnederland/</forum>
    <website>http://bit.ly/XvBMC-NL</website>
    <source>http://bit.ly/XvBMC-Pi</source>
    <news>[B]Version 1.1.4[/B]: VoOdOo+CodeCosmetics</news>
    <assets>
        <icon>icon.png</icon>
        <fanart>fanart.jpg</fanart>
        <screenshot></screenshot>
    </assets>
  </extension>
</addon>
