﻿<addon id="repository.smash" name="Smash repository" version="1.0.1" provider-name="SMASH">
	<extension point="xbmc.addon.repository" name="Smash repository">
	<dir>
        <info compressed="false">https://mediarepos.net/Repos/smashrepo/addons.xml</info>
        <checksum>https://mediarepos.net/Repos/smashrepo/addons.xml.md5</checksum>
        <datadir zip="true">https://mediarepos.net/Repos/smashrepo/</datadir>
	</dir>
	</extension>
	<extension point="xbmc.addon.metadata">
		<summary lang="en">Under This Repo, I Will Host Addons With No Home,Bring Life To Dead Addons That Fully Work, Link To Repos From Devs (This will install current version the Dev Has) </summary>
		<description lang="en">Alright To The Cunts Bitching About This Repo, The addons if they get updated will be posted here or repos linking to them so why you hate? the addons under here work</description>
		<platform>all</platform>
		<forum></forum>
        <website></website>
		<news>[B]Smash Repo Change Log 1.0.8[/B] [CR] - msg's to cunts who hate on this, dont worry i will pay for stuff my self </news>
	</extension>
</addon>