{
  "channels": [
    {
      "guid": "7F92EAEE-6066-4ED5-911A-2C3DCF964D19",
      "name": "VTM.be",
      "description": "Online uitzendingen van VTM.be.",
      "icon": "vtmbelogo.png",
      "category": "National",
      "channelcode": "vtm",
      "sortorder": 10,
      "language": "be",
      "fanart": "vtmbefanart.jpg",
      "message": "Streams from VTM.be require a Mediaan account. It can be configured via the Channel settings."
    },
    {
      "guid": "01C7064B-7E7A-4742-A042-E6F2F4EC5966",
      "name": "Q2.be",
      "description": "Online uitzendingen van Q2.be.",
      "icon": "q2belogo.png",
      "category": "National",
      "channelcode": "q2",
      "sortorder": 11,
      "language": "be",
      "fanart": "q2befanart.jpg",
      "message": "Streams from VTM.be require a Mediaan account. It can be configured via the Channel settings."
    }
  ],
  "settings": [
    {
      "order": 1,
      "value": "id=\"mediaan_username\" type=\"text\" label=\"30094\" default=\"\"",
      "id": "mediaan_username"
    },
    {
      "order": 2,
      "value": "id=\"mediaan_password\" type=\"hidden\" default=\"\"",
      "id": "mediaan_password"
    },
    {
      "order": 3,
      "value": "id=\"mediaan_password_set\" label=\"30093\" type=\"action\" action=\"RunScript(net.rieter.xot, 0, ?action=encryptsetting&amp;settingid=mediaan_password&amp;settingname=Mediaan Wachtwoord.be&amp;tabfocus=102)\" option=\"close\"",
      "id": "mediaan_password_set"
    },
    {
      "order": 4,
      "value": "id=\"mediaan_signature\" type=\"hidden\" default=\"\"",
      "id": "mediaan_signature"
    }
  ]
}