<!-- General Settings -->
<advancedsettings>

<!--<loglevel hide="true">-1</loglevel> 					 Comment: Disables logging -->
<playcountminimumpercent>90</playcountminimumpercent>	<!-- Comment: Minimum percentage that has to be played before it is marked as watched -->
<skiploopfilter>0</skiploopfilter>						<!-- Comment: For RPi or similar use 16 or higher (low CPU usage) -->
<!-- <nodvdrom>true</nodvdrom>								 Comment: Set to true if you have no DVD-ROM drive -->

<fanartres>720</fanartres>	<!-- 540 -->
<imageres>720</imageres>	<!-- 540 -->
<guires>720</guires>		<!-- 540 -->

<splash>true</splash>											<!-- Comment: Raspberry Pi v3.1 build /\/ TRUE -4- Standalone/Portable -->
<imagescalingalgorithm>fast_bilinear</imagescalingalgorithm>	<!-- Comment: Raspberry Pi v3.1 build -->

<gui> 
	<nofliptimeout>0</nofliptimeout>
</gui>

<!-- MySQL Library -->
<!-- videodatabase -->
<!-- Comment: IP Address of MySQL Server -->
<!-- Comment: Port of MySQL Server -->
<!-- Comment: MySQL Username -->
<!-- Comment: MySQL Password -->
<!-- /videodatabase -->

<!-- Streaming Optimization -->
<network>
	<buffermode>0</buffermode> 							<!-- Comment: Default=1 =ALL filesystems;Internet+Local / 0=All internet filesystem / 2=Only true internet filesystems / 3=NO Buffer /\/ 0=used_with_Pi_image_v3.1 *&* 1-fucksup_mp3stream_addon -->
	<cachemembuffersize>208715200</cachemembuffersize>	<!-- Comment: Default is 20971520 bytes or 20 MB ; 0=Zero-Config SetUp ; 120000000 / 157286400 -->
	<readbufferfactor>10</readbufferfactor> 			<!-- Comment: voorheen 30 /\/ 0=used_with_Pi_image_v3.1 -->
	<curlclienttimeout>8</curlclienttimeout>			<!-- Comment: voorheen 30 /\/ 0=used_with_Pi_image_v3.1 -->
	<curllowspeedtime>8</curllowspeedtime>				<!-- Comment: voorheen 30 /\/ 0=used_with_Pi_image_v3.1 -->
</network>

<samba>
	<statfiles>false</statfiles>		<!-- Comment: Set to false to disable smb stat() on files to speed up listings of large directories (over slow links) -->
	<clienttimeout>30</clienttimeout>	<!-- Comment: timeout (in seconds) -->
</samba>

<!-- Video Library Tweaks -->
<videolibrary>
<!--<cleanonupdate>true</cleanonupdate>					 Comment: Also clean library during library update	-->
	<hideallitems>true</hideallitems> 				<!-- Comment: removes the "*All" items from the video library -->
	<hideemptyseries>true</hideemptyseries>  		<!-- Comment: hide empty series in the video library ; prevent accidental clean -->
	<importwatchedstate>true</importwatchedstate>	<!-- Comment: import previously exported playdate and playcount from .nfo files -->
	<importresumepoint>true</importresumepoint>		<!-- Comment: import previously exported resume point from .nfo files. Defaults to false -->
	<recentlyaddeditems>50</recentlyaddeditems>		<!-- Comment: number of recently added items. Defaults to 25 -->
</videolibrary>

<videoscanner>
	<ignoreerrors>true</ignoreerrors> 				<!-- Comment: Set to true to silently ignore errors while scanning videos. This prevents the error dialogue box, so you don't have to keep hitting "yes" to keep scanning.-->
</videoscanner>

<musiclibrary>
    <backgroundupdate>true</backgroundupdate>		<!-- Comment: Raspberry Pi v3.1 build  -->
	<hideallitems>true</hideallitems>				<!-- Comment: removes the "*All" items from the music library -->
	<recentlyaddeditems>50</recentlyaddeditems>		<!-- Comment: number of recently added items. Defaults to 25 -->
</musiclibrary>

<songinfoduration>120</songinfoduration>			<!-- Comment: This controls how long the song information will remain onscreen when the song changes during visualisations -->

<!-- Playback Tweaks -->
<video>
	<timeseekforward>15</timeseekforward> 		<!-- Comment: Skip back time 15 s -->
	<timeseekbackward>-15</timeseekbackward>	<!-- Comment: Skip forward time 15 s -->
	<subsdelayrange>240</subsdelayrange> 		<!-- Comment: Subtitle offset adjustment range -->
	<audiodelayrange>30</audiodelayrange>		<!-- Comment: Delay range for audio/video sync, in seconds -->
	
	<excludefromscan action="append">			<!-- Comment: Matches filenames or folders which should be excluded from a library scan (except tvshows) -->
        <regexp>-extras-</regexp>
        <regexp>/Extras/</regexp>
        <regexp>[\\/]Extras[\\/]</regexp>
        <regexp>\.DS_Store</regexp>
        <regexp>\#recycle</regexp>
        <regexp>.@__thumb</regexp>
    </excludefromscan>
    <excludefromlisting>
        <regexp>\.DS_Store</regexp>
        <regexp>\#recycle</regexp>
        <regexp>.@__thumb</regexp>
    </excludefromlisting>
    <excludetvshowsfromscan action="append">	<!-- Comment: Matches filenames or folders which should be excluded from a library scan (except tvshows) -->
        <regexp>-extras-</regexp>
        <regexp>/Extras/</regexp>
        <regexp>[\\/]Extras[\\/]</regexp>
        <regexp>\.DS_Store</regexp>
        <regexp>\#recycle</regexp>
        <regexp>.@__thumb</regexp>
    </excludetvshowsfromscan>
</video>

</advancedsettings>
