<?xml version="1.0" encoding="UTF-8" standalone="yes"?>
<addon id="script.xvbmc.updatertools"
       name=" [COLOR lime][B]X[/B][/COLOR]vBMC [COLOR red]UPDATE[/COLOR], Tools [COLOR white]&amp;[/COLOR] Maintenance [COLOR darkgreen] [I](v[COLOR lime]4.0.3[/COLOR])[/I][/COLOR]"
       version="4.0.3"
       provider-name="EPiC XvBMC-NL">
  <requires>
    <import addon="repository.xvbmc"  version="4.0.2"/>
    <import addon="xbmc.python"       version="2.14.0"/>
<!--<import addon="script.schoonmaak" version="1.10.22" optional="true"/>-->
<!--<import addon="script.xvbmc.dev"  version="4.0.1"   optional="true"/>-->
<!--<import addon="script.xvbmc.oc"   version="4.0.1"   optional="true"/>-->
    <import addon="script.module.urlresolver" version="3.0.0" />
  </requires>
    <extension point="xbmc.python.pluginsource" library="default.py">
    <provides>executable</provides>
  </extension>
  <extension point="xbmc.service" library="service.py" start="startup"/>
  <extension point="xbmc.addon.metadata">
    <summary lang="en">XvBMC-NL's: Update, Tools, Maintenance, DEV + RPi</summary>
    <description lang="en">XvBMC Nederland - Update, Tools, Maintenance, DEVelopment &amp; RPi</description>
    <disclaimer lang="en">! USE AT YOUR OWN RISK ! ! MORE iNFO @ http://bit.ly/XvBMC-NL !</disclaimer>
    <platform>all</platform>
    <license>GNU GENERAL PUBLIC LICENSE. Version 3, June 2007</license>
    <forum>http://bit.ly/XvBMC-Pi</forum>
    <website>http://bit.ly/XvBMC-NL</website>
    <source>https://www.fb.com/groups/XvBMCnederland/</source>
    <news>v4.1.0 VoOdOo</news>
    <assets>
        <icon>icon.png</icon>
        <fanart>fanart.jpg</fanart>
        <screenshot></screenshot>
    </assets>
  </extension>
</addon>