<?xml version="1.0" encoding="UTF-8" standalone="yes"?>
<addon id="service.vpn.manager"
       name="VPN Manager for OpenVPN"
       version="0.2.3"
       provider-name="Zomboided">
  <requires>
    <import addon="xbmc.python" version="2.7.0"/>
  </requires>
  <extension point="xbmc.service" library="service.py" start="startup"/>
  <extension point="xbmc.python.pluginsource" library="addon.py">
    <provides>executable</provides>
  </extension>
  <extension point="xbmc.addon.metadata">
    <platform>all</platform>
    <summary lang="en">Configure and manage VPN connections using openVPN</summary>
    <description lang="en">Establish a connection to a VPN provider and automatically switch VPN locations based on the add-on being used.  Also supports automatic reconnect and connection at boot time.  And with some simple configuring (see README and remote.xml file in add-on directory), you can cycle through VPN connections using a remote button.</description>
  </extension>
</addon>
