<window>
	<!-- 1280 x 720 -->
	<defaultcontrol always="false">32501</defaultcontrol>
    <allowoverlay>no</allowoverlay>
	<animation effect="slide" start="0,650" time="200">WindowOpen</animation>
	<animation effect="slide" end="0,650" time="200">WindowClose</animation>
    <controls>
		<control type="group">
			<control type="image">
				<!-- Background -->
				<posx>240</posx>
				<posy>205</posy>
				<width>800</width>
				<height>310</height>
				<texture>AddonWindow/ContentPanel.png</texture>
				<!--<colordiffuse>EEFFFFFF</colordiffuse>-->
			</control>
			<control type="image">
				<posx>340</posx>
				<posy>214</posy>
				<width>600</width>
				<height>35</height>
				<texture>AddonWindow/dialogheader.png</texture>
			</control>
			<control type="button" id="32500">
				<!-- Close button -->
				<posx>972</posx>
				<posy>212</posy>
				<width>60</width>
				<height>30</height>
				<texturefocus>AddonWindow/DialogCloseButton-focus.png</texturefocus>
				<texturenofocus>AddonWindow/DialogCloseButton.png</texturenofocus>
				<onup>32508</onup>
				<ondown>32501</ondown>
				<onleft condition="SubString(Control.GetLabel(32501),*)">32505</onleft>
				<onleft condition="SubString(Control.GetLabel(32502),*)">32507</onleft>
			</control>
			<control type="radiobutton" id="32501">
				<!-- Radio Button 1 -->
				<posx>820</posx>
				<posy>315</posy>
				<width>180</width>
				<height>43</height>
				<visible>true</visible>
				<colordiffuse>FFFFFFFF</colordiffuse>
				<texturefocus>Button/button-focus.png</texturefocus>
				<texturenofocus>Button/button-nofocus.png</texturenofocus>
				<wrapmultiline>true</wrapmultiline>
				<font>font12</font>
				<label>$ADDON[plugin.video.quasar 30105]</label>
				<textcolor>FFFFFFFF</textcolor>
				<focusedcolor>FFFFFFFF</focusedcolor>
				<disabledcolor>80FFFFFF</disabledcolor>
				<invalidcolor>FFFFFFFF</invalidcolor>
				<align>center</align>
				<aligny>center</aligny>
				<onup>32500</onup>
				<ondown>32502</ondown>
				<onleft condition="SubString(Control.GetLabel(32501),*)">32505</onleft>
				<onleft condition="SubString(Control.GetLabel(32502),*)">32507</onleft>
			</control>
			<control type="radiobutton" id="32502">
				<!-- Radio Button 2 -->
				<posx>820</posx>
				<posy>375</posy>
				<width>180</width>
				<height>43</height>
				<visible>true</visible>
				<colordiffuse>FFFFFFFF</colordiffuse>
				<texturefocus>Button/button-focus.png</texturefocus>
				<texturenofocus>Button/button-nofocus.png</texturenofocus>
				<wrapmultiline>true</wrapmultiline>
				<font>font12</font>
				<label>$ADDON[plugin.video.quasar 30106]</label>
				<textcolor>FFFFFFFF</textcolor>
				<focusedcolor>FFFFFFFF</focusedcolor>
				<disabledcolor>80FFFFFF</disabledcolor>
				<invalidcolor>FFFFFFFF</invalidcolor>
				<align>center</align>
				<aligny>center</aligny>
				<onup>32501</onup>
				<ondown>32508</ondown>
				<onleft condition="SubString(Control.GetLabel(32501),*)">32505</onleft>
				<onleft condition="SubString(Control.GetLabel(32502),*)">32507</onleft>
			</control>
			<control type="button" id="32508">
				<!-- OK button -->
				<posx>820</posx>
				<posy>435</posy>
				<width>180</width>
				<height>43</height>
				<visible>true</visible>
				<colordiffuse>FFFFFFFF</colordiffuse>
				<texturefocus>Button/button-focus.png</texturefocus>
				<texturenofocus>Button/button-nofocus.png</texturenofocus>
				<wrapmultiline>true</wrapmultiline>
				<font>font12</font>
				<label>$ADDON[plugin.video.quasar 30109]</label>
				<textcolor>FFFFFFFF</textcolor>
				<focusedcolor>FFFFFFFF</focusedcolor>
				<disabledcolor>80FFFFFF</disabledcolor>
				<invalidcolor>FFFFFFFF</invalidcolor>
				<align>center</align>
				<aligny>center</aligny>
				<onup>32502</onup>
				<ondown>32500</ondown>
				<onleft condition="SubString(Control.GetLabel(32501),*)">32505</onleft>
				<onleft condition="SubString(Control.GetLabel(32502),*)">32507</onleft>
			</control>
			<control type="label" id="32503">
				<!-- Window title -->
				<posx>425</posx>
				<posy>216</posy>
				<width>400</width>
				<height>30</height>
				<font>font13</font>
				<align>center</align>
				<aligny>center</aligny>
				<label>[B]$ADDON[plugin.video.quasar 30104][/B]</label>
				<textcolor>FFFFA500</textcolor>
				<shadowcolor>AA000000</shadowcolor>
			</control>
			<control type="label" id="32504">
				<!-- Option 1 label -->
				<posx>280</posx>
				<posy>280</posy>
				<width>500</width>
				<height>30</height>
				<visible>SubString(Control.GetLabel(32501),*)</visible>
				<font>font13</font>
				<label>$ADDON[plugin.video.quasar 30107]</label>
				<align>left</align>
				<aligny>center</aligny>
				<textcolor>blue</textcolor>
				<shadowcolor>AA000000</shadowcolor>
			</control>
			<!--<control type="edit" id="32505">
				<posx>280</posx>
				<posy>315</posy>
				<width>500</width>
				<height>43</height>
				<visible>SubString(Control.GetLabel(32501),*)</visible>
				<aligny>center</aligny>
				<font>font14</font>
				<textoffsetx>10</textoffsetx>
				<textcolor>FFB2D4F5</textcolor>
				<disabledcolor>FF000000</disabledcolor>
				<invalidcolor>FFFFFFFF</invalidcolor>
				<texturefocus>Button/button-focus.png</texturefocus>
				<texturenofocus>Button/button-nofocus.png</texturenofocus>
				<pulseonselect>no</pulseonselect>
				<onright>32508</onright>
			</control>-->
			<control type="button" id="32505">
				<!-- Option 1 url button -->
				<posx>280</posx>
				<posy>315</posy>
				<width>500</width>
				<height>43</height>
				<visible>SubString(Control.GetLabel(32501),*)</visible>
				<colordiffuse>FFFFFFFF</colordiffuse>
				<texturefocus>Button/button-focus.png</texturefocus>
				<texturenofocus>Button/button-nofocus.png</texturenofocus>
				<wrapmultiline>false</wrapmultiline>
				<font>font14</font>
				<textcolor>FFB2D4F5</textcolor>
				<focusedcolor>FFFFFFFF</focusedcolor>
				<disabledcolor>80FFFFFF</disabledcolor>
				<invalidcolor>FFFFFFFF</invalidcolor>
				<align>left</align>
				<aligny>center</aligny>
				<onright>32508</onright>
			</control>
			<control type="label" id="32506">
				<!-- Option 2 label -->
				<posx>280</posx>
				<posy>280</posy>
				<width>500</width>
				<height>30</height>
				<visible>SubString(Control.GetLabel(32502),*)</visible>
				<font>font13</font>
				<label>$ADDON[plugin.video.quasar 30108]</label>
				<align>left</align>
				<aligny>center</aligny>
				<textcolor>blue</textcolor>
				<shadowcolor>AA000000</shadowcolor>
			</control>
			<control type="button" id="32507">
				<!-- Option 2 path button -->
				<posx>280</posx>
				<posy>315</posy>
				<width>500</width>
				<height>43</height>
				<visible>SubString(Control.GetLabel(32502),*)</visible>
				<colordiffuse>FFFFFFFF</colordiffuse>
				<texturefocus>Button/button-focus.png</texturefocus>
				<texturenofocus>Button/button-nofocus.png</texturenofocus>
				<wrapmultiline>false</wrapmultiline>
				<font>font14</font>
				<textcolor>FFB2D4F5</textcolor>
				<focusedcolor>FFFFFFFF</focusedcolor>
				<disabledcolor>80FFFFFF</disabledcolor>
				<invalidcolor>FFFFFFFF</invalidcolor>
				<align>left</align>
				<aligny>center</aligny>
				<onright>32508</onright>
			</control>
		</control>
    </controls>
</window>
