<?xml version="1.0" encoding="UTF-8" standalone="yes"?>
<addon id="repository.xvbmc" name=" [COLOR lime][B]X[/B][/COLOR]vBMC Addon REPOsitory" version="3.0.0" provider-name="XvBMC Nederland">
	<extension point="xbmc.addon.repository" name="XvBMC Addon Repo/Depot">
		<dir>
			<info compressed="false">https://raw.githubusercontent.com/XvBMC/repository.xvbmc/master/xvbmc-addons.xml</info>
			<checksum>https://raw.githubusercontent.com/XvBMC/repository.xvbmc/master/xvbmc-addons.xml.md5</checksum>
			<datadir zip="true">https://raw.githubusercontent.com/XvBMC/repository.xvbmc/master/zips/</datadir>
			<hashes>true</hashes>
		</dir>
			<info compressed="false">https://raw.github.com/XvBMC/repository.xvbmc/master/xvbmc-addons.xml</info>
			<checksum>https://raw.github.com/XvBMC/repository.xvbmc/master/xvbmc-addons.xml.md5</checksum>
			<datadir zip="true">https://raw.github.com/XvBMC/repository.xvbmc/master/zips/</datadir>
			<hashes>true</hashes>
	</extension>
	<extension point="xbmc.addon.metadata">
		<summary lang="en">XvBMC The Netherlands Addon REPOsitory</summary>
		<summary lang="nl">XvBMC Nederland Addon REPOsitory</summary>
		<description lang="en">XvBMC The Netherlands Addon Repository | XvBMC-NL Addon Depot  |  be sure to check out our FB-page: https://www.facebook.com/groups/XvBMCnederland/ !!! USE AT YOUR OWN RISK !!!</description>
		<description lang="nl">XvBMC Nederland Addon Repository | XvBMC-NL Addon Depot  |  en volg zeker ook onze Facebook pagina: https://www.facebook.com/groups/XvBMCnederland/ !!! USE AT YOUR OWN RISK !!!</description>
		<disclaimer lang="en">The owners and submitters to this repository do not host or distribute any of the content displayed by these addons nor do they have any affiliation with its content. Please Read: https://raw.githubusercontent.com/XvBMC/repository.xvbmc/master/LICENSE ...just because you can  ;)  !!! USE-AT-YOUR-OWN-RISK !!!</disclaimer>
		<disclaimer lang="nl">The owners and submitters to this repository do not host or distribute any of the content displayed by these addons nor do they have any affiliation with its content. Please Read: https://raw.githubusercontent.com/XvBMC/repository.xvbmc/master/LICENSE ...just because you can  ;)  !!! USE-AT-YOUR-OWN-RISK !!!</disclaimer>
		<platform>all</platform>
		<license>GNU GENERAL PUBLIC LICENSE. Version 3, June 2007</license>
		<forum>https://www.fb.com/groups/XvBMCnederland/</forum>
		<website>https://www.fb.com/groups/XvBMCnederland/</website>
		<source>https://archive.org/download/repository.xvbmc/</source>
	</extension>
</addon>