<?xml version="1.0" encoding="UTF-8" standalone="yes"?>
<addon id="plugin.video.xvbmc.troma"
	name=" [COLOR lime][B]X[/B][/COLOR]vBMC's [COLOR red][B]Troma[/B][/COLOR] Channel ([COLOR white]40 Years of Disrupting Media[/COLOR])"
	version="1.0.3"
	provider-name="EPiC, XvBMC-Nederland">
  <requires>
    <import addon="xbmc.python" version="2.1.0"/>
    <import addon="script.module.addon.common" version="2.0.0"/>
    <import addon="plugin.video.youtube" version="5.0.0"/>
    <import addon="script.module.youtube.dl" />
	<import addon="repository.xvbmc" version="3.0.1"/>
  </requires>
  <extension point="xbmc.python.pluginsource" library="default.py">
    <provides>video</provides>
  </extension>
  <extension point="xbmc.addon.metadata">
    <summary lang="en_GB">XvBMC Nederland: EPiC Troma Channel</summary>
    <description lang="en_GB">XvBMC Nederland: Troma Channel, 40 Years of EPiC Disrupting Media...  |  be sure to check out our support pages @ https://www.fb.com/groups/XvBMCnederland/  |  all credit goes to http://www.Troma.com/ (Y)</description>
	<disclaimer lang="en_GB">!!! NOT for the faint-hearted mwoehahahahaah !!!  |  be sure to check out our FB-page: https://www.fb.com/groups/XvBMCnederland/  |  CREDITS: http://www.Troma.com/films/  |  (special thanks -2- Patrick Dijkkamp)</disclaimer>
    <platform>all</platform>
	<language></language>
	<license>GNU GENERAL PUBLIC LICENSE. Version 3, June 2007 *and* copyright / intellectual property: Troma Entertaiment, INC. / XvBMC-Nederland.</license>
	<forum>https://www.fb.com/groups/XbmcVoorBeginnersRaspberryPi/</forum>
	<website>https://www.facebook.com/groups/XvBMCnederland/</website>
	<source>https://archive.org/download/repository.xvbmc/</source>
	<email>XvBMCnederland@groups.facebook.com</email>
  </extension>
</addon>
