<favourites>
	<favourite name="[COLOR red]- [/COLOR][COLOR yellow][ back -2- [B]Sports[/B] section ][/COLOR][COLOR red] -[/COLOR]" thumb="">ActivateWindow(10025,&quot;plugin://plugin.program.super.favourites/?label=SPORTS&amp;mode=400&amp;folder=Sports&amp;sf_options=fanart%3DNULL%26_options_sf&quot;)</favourite>
	<favourite name="" thumb="">SF_MANUAL_CMD_1</favourite>
	<favourite name="1320video" thumb="https://yt3.ggpht.com/-YhmvM9gkgS0/AAAAAAAAAAI/AAAAAAAAAAA/joSsvuZv-tM/s240-c-k-no/photo.jpg">ActivateWindow(10025,&quot;plugin://plugin.video.youtube/channel/UC0PXqiud6dbwOAk8RvslgpQ/&quot;,return)</favourite>
	<favourite name="Bas Rutten (MMA) Official" thumb="https://yt3.ggpht.com/-5bU1zASHUSE/AAAAAAAAAAI/AAAAAAAAAAA/7Qgz0-m0u4Q/s240-c-k-no/photo.jpg">ActivateWindow(10025,&quot;plugin://plugin.video.youtube/channel/UCjachzSJ4oSh0FyzsAzDWmQ/&quot;,return)</favourite>
	<favourite name="Bellator MMA" thumb="https://yt3.ggpht.com/-neqg2yiWj-A/AAAAAAAAAAI/AAAAAAAAAAA/CzQHBJoLlls/s240-c-k-no/photo.jpg">ActivateWindow(10025,&quot;plugin://plugin.video.youtube/channel/UCnkMTsKYqhHm6l6GQzg4szg/&quot;,return)</favourite>
	<favourite name="Blue Angels" thumb="special://home/addons\plugin.video.youtube\resources\media\playlist.png">ActivateWindow(10025,&quot;plugin://plugin.video.youtube/channel/UC-5mcDSxnrFUi9lHDxikEXA/playlists/&quot;,return)</favourite>
	<favourite name="Darts BDO" thumb="https://yt3.ggpht.com/-l2aRsIhOVJM/AAAAAAAAAAI/AAAAAAAAAAA/RLCLBgESfHM/s240-c-k-no/photo.jpg">ActivateWindow(10025,&quot;plugin://plugin.video.youtube/channel/UC92zCMeQJdH8ChEamXZxSeQ/&quot;,return)</favourite>
	<favourite name="Darts PDC" thumb="https://yt3.ggpht.com/-xOhciAaSgOg/AAAAAAAAAAI/AAAAAAAAAAA/Syy24Ju-tvI/s240-c-k-no-rj-c0xffffff/photo.jpg">ActivateWindow(10025,&quot;plugin://plugin.video.youtube/channel/UCRvCwDp_1DwOlOpnlJf9iYw/&quot;,return)</favourite>
	<favourite name="Dragracing" thumb="special://home/addons\plugin.video.youtube\resources\media\playlist.png">ActivateWindow(10025,&quot;plugin://plugin.video.youtube/channel/UCHPT45j_EtKifUFWuVKiQkw/playlists/&quot;,return)</favourite>
	<favourite name="Drifting" thumb="special://home/addons\plugin.video.youtube\resources\media\playlist.png">ActivateWindow(10025,&quot;plugin://plugin.video.youtube/channel/UCuJLxDbMKgE_cC-eG0NNttg/playlists/&quot;,return)</favourite>
	<favourite name="FIFATV" thumb="https://yt3.ggpht.com/-25hzJFjw4Uw/AAAAAAAAAAI/AAAAAAAAAAA/nJBMF0C5xT8/s240-c-k-no-rj-c0xffffff/photo.jpg">ActivateWindow(10025,&quot;plugin://plugin.video.youtube/channel/UCpcTrCXblq78GZrTUTLWeBw/&quot;,return)</favourite>
	<favourite name="Fifth Gear" thumb="https://yt3.ggpht.com/-CsihvpWSpCU/AAAAAAAAAAI/AAAAAAAAAAA/HVsRtO0ml2s/s240-c-k-no/photo.jpg">ActivateWindow(10025,&quot;plugin://plugin.video.youtube/channel/UCa6xsp7d4s-NgpPUGc57ZGA/&quot;,return)</favourite>
	<favourite name="FORMULA 1" thumb="https://yt3.ggpht.com/-p4tzDhRHziM/AAAAAAAAAAI/AAAAAAAAAAA/BgBf89zrN30/s240-c-k-no/photo.jpg">ActivateWindow(10025,&quot;plugin://plugin.video.youtube/channel/UCB_qr75-ydFVKSF9Dmo6izg/&quot;,return)</favourite>
	<favourite name="FOX Sports NL" thumb="https://yt3.ggpht.com/-lhe59KulWgc/AAAAAAAAAAI/AAAAAAAAAAA/yU4gxEbTiA4/s240-c-k-no/photo.jpg">ActivateWindow(10025,&quot;plugin://plugin.video.youtube/channel/UCwNqHDsnBCKT-olwJwIFyfg/&quot;,return)</favourite>
	<favourite name="Freeride" thumb="special://home/addons\plugin.video.youtube\resources\media\playlist.png">ActivateWindow(10025,&quot;plugin://plugin.video.youtube/channel/UC7hHdpfoQFG7wEk2pYWGaAQ/playlists/&quot;,return)</favourite>
	<favourite name="Glory World Series" thumb="https://yt3.ggpht.com/-cn9kv_eE1hY/AAAAAAAAAAI/AAAAAAAAAAA/4o9ePHgciv0/s240-c-k-no/photo.jpg">ActivateWindow(10025,&quot;plugin://plugin.video.youtube/channel/UCKj5FIgxeihLRLDpVqKp_aA/&quot;,return)</favourite>
	<favourite name="GoPro" thumb="https://yt3.ggpht.com/-sp0YiR_yyR0/AAAAAAAAAAI/AAAAAAAAAAA/kXU4u1ny2T4/s240-c-k-no/photo.jpg">ActivateWindow(10025,&quot;plugin://plugin.video.youtube/channel/UCqhnX4jA0A5paNd1v-zEysw/&quot;,return)</favourite>
	<favourite name="Gumbal" thumb="https://yt3.ggpht.com/-hxoWPJoR_Qs/AAAAAAAAAAI/AAAAAAAAAAA/PKWG8bsEFjI/s240-c-k-no/photo.jpg">ActivateWindow(10025,&quot;plugin://plugin.video.youtube/channel/UCwn0jaGbgMkYioOWBzMog1Q/&quot;,return)</favourite>
    <favourite name="Gumball3000" thumb="https://i.ytimg.com/i/DsmTNUaZKGBzJiEJuDmikA/mq1.jpg">ActivateWindow(10025,&quot;plugin://plugin.video.youtube/channel/UCDsmTNUaZKGBzJiEJuDmikA/&quot;,return)</favourite>
	<favourite name="HBOBoxing" thumb="https://yt3.ggpht.com/-xspd8uYupTc/AAAAAAAAAAI/AAAAAAAAAAA/UTwanzEE9iM/s240-c-k-no/photo.jpg">ActivateWindow(10025,&quot;plugin://plugin.video.youtube/channel/UCWPQB43yGKEum3eW0P9N_nQ/&quot;,return)</favourite>
	<favourite name="High Tech Corvette" thumb="https://yt3.ggpht.com/-gChudoi_tNI/AAAAAAAAAAI/AAAAAAAAAAA/IfWh68oKP5o/s240-c-k-no/photo.jpg">ActivateWindow(10025,&quot;plugin://plugin.video.youtube/channel/UCK4IlIifmhZGq0aS4WP0NVg/&quot;,return)</favourite>
	<favourite name="Indy Car (500)" thumb="https://yt3.ggpht.com/-CWXwc53cELY/AAAAAAAAAAI/AAAAAAAAAAA/k_mm6XIanrM/s240-c-k-no-rj-c0xffffff/photo.jpg">ActivateWindow(10025,&quot;plugin://plugin.video.youtube/channel/UCy1F61QvUUQXAXi2Voa_fUw/&quot;,return)</favourite>
	<favourite name="Marchettino" thumb="https://yt3.ggpht.com/-NyMtwShxxbw/AAAAAAAAAAI/AAAAAAAAAAA/XNU0_49rWYM/s240-c-k-no-rj-c0xffffff/photo.jpg">ActivateWindow(10025,&quot;plugin://plugin.video.youtube/channel/UCBzfdgfIAANfgP3xyhVaEfQ/&quot;,return)</favourite>
	<favourite name="MLS" thumb="https://yt3.ggpht.com/-E-P3owrEULM/AAAAAAAAAAI/AAAAAAAAAAA/HKmwsg82u30/s240-c-k-no/photo.jpg">ActivateWindow(10025,&quot;plugin://plugin.video.youtube/channel/UCSZbXT5TLLW_i-5W8FZpFsg/&quot;,return)</favourite>
	<favourite name="MLB" thumb="https://yt3.ggpht.com/-cXAzzpKrBQk/AAAAAAAAAAI/AAAAAAAAAAA/MaprkNIV-MY/s240-c-k-no/photo.jpg">ActivateWindow(10025,&quot;plugin://plugin.video.youtube/channel/UCoLrcjPV5PbUrUyXq5mjc_A/&quot;,return)</favourite>
	<favourite name="MMA" thumb="special://home/addons\plugin.video.youtube\resources\media\playlist.png">ActivateWindow(10025,&quot;plugin://plugin.video.youtube/channel/UCw5fX1ctXl-ZSu89z6-FS_g/playlists/&quot;,return)</favourite>
	<favourite name="MMAFightingonSBN" thumb="https://yt3.ggpht.com/-sp-vOJ7qPYY/AAAAAAAAAAI/AAAAAAAAAAA/FSCMv-tTC90/s240-c-k-no/photo.jpg">ActivateWindow(10025,&quot;plugin://plugin.video.youtube/channel/UC4f1JueVgo5t9HSmobCRPug/&quot;,return)</favourite>
	<favourite name="Motorcycles" thumb="special://home/addons\plugin.video.youtube\resources\media\playlist.png">ActivateWindow(10025,&quot;plugin://plugin.video.youtube/channel/UCOanIHchig1FZ2kmN1BYZLg/playlists/&quot;,return)</favourite>
	<favourite name="Motor Trend Channel" thumb="https://yt3.ggpht.com/-K-cVNW0boRs/AAAAAAAAAAI/AAAAAAAAAAA/Jg9oUhvZgjM/s240-c-k-no/photo.jpg">ActivateWindow(10025,&quot;plugin://plugin.video.youtube/channel/UCsAegdhiYLEoaFGuJFVrqFQ/&quot;,return)</favourite>
	<favourite name="Mountainbike" thumb="special://home/addons\plugin.video.youtube\resources\media\playlist.png">ActivateWindow(10025,&quot;plugin://plugin.video.youtube/channel/UCz_w33vqihxe87Rm2VhsVag/playlists/&quot;,return)</favourite>
	<favourite name="NASCAR" thumb="https://yt3.ggpht.com/-mNHVvNGrAws/AAAAAAAAAAI/AAAAAAAAAAA/AMZcgnuhJBg/s240-c-k-no/photo.jpg">ActivateWindow(10025,&quot;plugin://plugin.video.youtube/channel/UCuN9hYw2RpoAW8rZ3VK3isA/&quot;,return)</favourite>
	<favourite name="NBA" thumb="https://yt3.ggpht.com/-iykIxE6HFpM/AAAAAAAAAAI/AAAAAAAAAAA/qho7mLdsPLc/s240-c-k-no/photo.jpg">ActivateWindow(10025,&quot;plugin://plugin.video.youtube/channel/UCWJ2lWNubArHWmf3FIHbfcQ/&quot;,return)</favourite>
	<favourite name="NFL" thumb="https://yt3.ggpht.com/-zudkglYavTs/AAAAAAAAAAI/AAAAAAAAAAA/Y1YmoFuTz4U/s240-c-k-no/photo.jpg">ActivateWindow(10025,&quot;plugin://plugin.video.youtube/channel/UCDVYQ4Zhbm3S2dlz7P1GBDg/&quot;,return)</favourite>
	<favourite name="NHL" thumb="https://yt3.ggpht.com/-FQVi29epjis/AAAAAAAAAAI/AAAAAAAAAAA/P2CB1cyLKFc/s240-c-k-no/photo.jpg">ActivateWindow(10025,&quot;plugin://plugin.video.youtube/channel/UCqFMzb-4AUf6WAIbl132QKA/&quot;,return)</favourite>
	<favourite name="Parkour" thumb="special://home/addons\plugin.video.youtube\resources\media\playlist.png">ActivateWindow(10025,&quot;plugin://plugin.video.youtube/channel/UCLVG7z-GtEu_yOOCCjuQegw/playlists/&quot;,return)</favourite>
	<favourite name="Red Bull" thumb="https://yt3.ggpht.com/-V1E6nSEmRlM/AAAAAAAAAAI/AAAAAAAAAAA/zFmOgJmgH2s/s240-c-k-no/photo.jpg">ActivateWindow(10025,&quot;plugin://plugin.video.youtube/channel/UCblfuW_4rakIf2h6aqANefA/&quot;,return)</favourite>
	<favourite name="Snowboarding" thumb="special://home/addons\plugin.video.youtube\resources\media\playlist.png">ActivateWindow(10025,&quot;plugin://plugin.video.youtube/channel/UC_uRl98ElVYmBoGqMQWkunA/playlists/&quot;,return)</favourite>
	<favourite name="Stunts" thumb="special://home/addons\plugin.video.youtube\resources\media\playlist.png">ActivateWindow(10025,&quot;plugin://plugin.video.youtube/channel/UCQN38cnHKRs6081XBO5fhtw/playlists/&quot;,return)</favourite>
	<favourite name="Surfing" thumb="special://home/addons\plugin.video.youtube\resources\media\playlist.png">ActivateWindow(10025,&quot;plugin://plugin.video.youtube/channel/UCSYZALYgMjsDCHRQD_9kC8w/playlists/&quot;,return)</favourite>
	<favourite name="TNA Impact Wrestling" thumb="https://yt3.ggpht.com/-B6p42htkDgw/AAAAAAAAAAI/AAAAAAAAAAA/a0aCL3Nfvpw/s240-c-k-no/photo.jpg">ActivateWindow(10025,&quot;plugin://plugin.video.youtube/channel/UCOp8wkVqdrWbFYHjDv946QQ/&quot;,return)</favourite>
	<favourite name="Top Gear" thumb="https://yt3.ggpht.com/-3778qljvKEQ/AAAAAAAAAAI/AAAAAAAAAAA/g-bHapsDzwQ/s240-c-k-no/photo.jpg">ActivateWindow(10025,&quot;plugin://plugin.video.youtube/channel/UCjOl2AUblVmg2rA_cRgZkFg/&quot;,return)</favourite>
	<favourite name="UFC - Ultimate Fighting Championship" thumb="https://yt3.ggpht.com/-QeD1gcM_f7k/AAAAAAAAAAI/AAAAAAAAAAA/RrU6oF2FBU0/s240-c-k-no-rj-c0xffffff/photo.jpg">ActivateWindow(10025,&quot;plugin://plugin.video.youtube/channel/UCvgfXK4nTYKudb0rFR6noLA/&quot;,return)</favourite>
	<favourite name="UFC ON FOX" thumb="https://yt3.ggpht.com/-lj8-zSzRk4E/AAAAAAAAAAI/AAAAAAAAAAA/7PEm8PTojB8/s240-c-k-no/photo.jpg">ActivateWindow(10025,&quot;plugin://plugin.video.youtube/channel/UCv_s-FKXBwsq1zy4GCR3Ycw/&quot;,return)</favourite>
	<favourite name="Wheelie" thumb="special://home/addons\plugin.video.youtube\resources\media\playlist.png">ActivateWindow(10025,&quot;plugin://plugin.video.youtube/channel/UCa7m7Z7Jds_t2WkwuKp6DGw/playlists/&quot;,return)</favourite>
	<favourite name="World Surf League" thumb="https://yt3.ggpht.com/-L_f9lPc3tI4/AAAAAAAAAAI/AAAAAAAAAAA/qvztrVzug0Y/s240-c-k-no/photo.jpg">ActivateWindow(10025,&quot;plugin://plugin.video.youtube/channel/UChuLeaTGRcfzo0UjL-2qSbQ/&quot;,return)</favourite>
	<favourite name="WWE" thumb="https://yt3.ggpht.com/-5PUl_QbabAQ/AAAAAAAAAAI/AAAAAAAAAAA/MbgCFPQeJrQ/s240-c-k-no/photo.jpg">ActivateWindow(10025,&quot;plugin://plugin.video.youtube/channel/UCJ5v_MCY6GNUBTO8-D3XoAg/&quot;,return)</favourite>
</favourites>