<?xml version="1.0" encoding="UTF-8" standalone="yes"?>
<addon id="plugin.video.Allesin1NL!"
	name="Alles in 1 NL"
	version="1.0.2"
	provider-name="Xvbmc">
  <requires>
    <import addon="repository.xvbmc" version="4.0.1"/>
    <import addon="xbmc.python" version="2.1.0"/>
    <import addon="script.module.addon.common" version="2.0.0"/>
    <import addon="plugin.video.youtube" version="5.0.0"/>
  </requires>
  <extension point="xbmc.python.pluginsource" library="default.py">
    <provides>video</provides>
  </extension>
  <extension point="xbmc.addon.metadata">
    <summary lang="en">diverse streams </summary>
    <description lang="en">Diverse youtube Streams  muziek,NL serie , Nl kids , NL Cabaret , Xvbmc handleidingen .Door en Voor de Xvbmc community ,Heb je zelf een Youtube stream gespot die hier wel in zou passen,meld het ons dan even op onze FB pagina Films/series/muziek chat by XvBMC Nederland© (xbmc nl Dutch)</description>
    <platform>all</platform>
    <forum>n/a</forum>
    <website>n/a</website>
  </extension>
</addon>
