<?xml version="1.0" encoding="UTF-8" standalone="yes"?>
<addon id="plugin.video.top40nl"
       name="Top40.nl"
       version="1.0.4"
       provider-name="DSS">
    <requires>
        <import addon="xbmc.python" version="2.19.0"/>
        <import addon="script.module.simplejson" version="2.0.10" optional="true"/>
    </requires>
    <extension point="xbmc.python.pluginsource"
               library="default.py">
        <provides>video</provides>
    </extension>
    <extension point="xbmc.addon.metadata">
        <platform>all</platform>
        <license>GPL 2.0</license>
        <summary lang="en">Nederlandse top40 hitlijsten</summary>
        <description lang="en">Nederlandse top40 hitlijsten</description>
    </extension>
</addon>
