<?xml version="1.0" encoding="UTF-8" standalone="yes"?>
<addon id="net.rieter.xot.channel.nos"
       version="4.0.0.9"
       name="Retrospect Dutch NOS Channels"
       provider-name="Bas Rieter / EPiC Nightly">

    <requires>
        <!--import addon="net.rieter.xot" version="x.x.x" optional="false" /-->
    </requires>

    <extension point="xbmc.python.pluginsource" 
               library="">
        <!--provides>video</provides-->
    </extension>

    <extension point="xbmc.addon.metadata">
        <summary>Retrospect (a.k.a. XBMC Online TV) is an add-on that allows the playback of a lot of TV shows that are available (legally) via the broadcasters websites.</summary>
        <description>Set of NOS related channels for Retrospect. Nederland 1, 2, 3, Z@pp and the new NOS beta channel.</description>
        <nofanart>true</nofanart>
        <disclaimer>Retrospect is provided as is. We do not take any responsibility for possible (but highly unlikely) damage cause to your system. Nor do we take responsibility for the content that can be watched via this add-on.</disclaimer>
        <language>nl</language>
    </extension>
</addon>
