<?xml version="1.0" encoding="UTF-8" standalone="yes"?>
<addon id="script.xvbmc.oc" name=" [COLOR lime][B]X[/B][/COLOR]vBMC [COLOR red]OverClock[/COLOR] [I][COLOR green] v3[/COLOR][/I]" version="3.01" provider-name="XvBMC NL">
  <requires>
    <import addon="xbmc.python" version="2.14.0"/>
	<import addon="script.xvbmc.update" version="3.08" optional="true"/>
	<import addon="repository.xvbmc" version="3.0.1"/>
<!-- <import addon="os.openelec.tv" version="7.0" /> -->
  </requires>
   <extension point="xbmc.python.script" library="xvbmc-oc.py">
   <provides>executable</provides>
  </extension>
  <extension point="xbmc.addon.metadata">
    <summary lang="en">XvBMC Nederland - OverClock Tool (v3) Raspberry Pi</summary>
    <description lang="en">XvBMC OverClock ; LibreELEC + OpenElec (XvBMC-NL v3) Raspberry Pi</description>
	<disclaimer lang="en">!!! USE AT YOUR OWN RISK !!!</disclaimer>
	<platform>all</platform>
	<license>GNU GENERAL PUBLIC LICENSE. Version 3, June 2007</license>
	<forum>https://www.fb.com/groups/XbmcVoorBeginnersRaspberryPi/</forum>
	<website>https://www.facebook.com/groups/XvBMCnederland/</website>
	<source>https://www.facebook.com/groups/XbmcVoorBeginnersRaspberryPi/</source>
  </extension>
</addon>
