<?xml version="1.0" encoding="UTF-8" standalone="yes"?>
<addon id="repository.tvaddons.nl" name="TV Addons Nederland" version="6.6.6" provider-name="TVAddons.nl MOD by XvBMC">
    <extension point="xbmc.addon.repository" name=".TV Addons Repository">
        <info compressed="true">http://repo.tvaddons.nl/addons.xml</info>
        <checksum>http://repo.tvaddons.nl/addons.xml.md5</checksum>
        <datadir zip="true">http://repo.tvaddons.nl/repo</datadir>
    </extension>
    <extension point="xbmc.addon.metadata">
        <summary>ONLY MARKED AS BROKEN IN 'XvBMC Nederland' REPOsitory</summary>
        <description>ONLY MARKED AS BROKEN IN 'XvBMC Nederland' REPOsitory: DON'T LIKE IT? Please *remove* our REPOsitory from your system...</description>
		<disclaimer>ONLY MARKED AS BROKEN IN 'XvBMC Nederland' REPOsitory: DON'T LIKE IT? Please *remove* our REPOsitory from your system...</disclaimer>
        <platform>all</platform>
		<broken>ONLY MARKED AS BROKEN IN 'XvBMC Nederland' REPOsitory: DON'T LIKE IT? Please *remove* our REPOsitory from your system...</broken>
    </extension>
</addon>
