<?xml version="1.0" encoding="UTF-8" standalone="yes"?>
<addon id="plugin.audio.partyvibe" name="Party Vibe" version="1.0.0" provider-name="XvBMC">
	<requires>
		<import addon="xbmc.python" version="2.1.0"/>
		<import addon="script.module.addon.common" version="2.0.0"/>
	</requires>
	<extension point="xbmc.python.pluginsource" library="startaudio.py">
		<provides>audio</provides>
	</extension>
	<extension  point="xbmc.addon.metadata">
		<platform>all</platform>
		<summary lang="nl">Party Vibe</summary>
		<description lang="nl">Party Vibe Radio Addon, several high quality streams.</description>
		<disclaimer>None</disclaimer>
		<language>nl</language>
		<platform>all</platform>
	</extension>
</addon>
