<?xml version="1.0" encoding="UTF-8" standalone="yes"?>
<addon id="repository.Goliath" name="Goliaths Add-ons repository" version="1.4" provider-name="Goliath">
	<extension point="xbmc.addon.repository" name="Goliaths Repository">
	<dir>
        <info compressed="false">https://github.com/zqfaen/tva-common/raw/master/addons.xml</info>
        <checksum>https://github.com/zqfaen/tva-common/raw/master/addons.xml.md5</checksum>
        <datadir zip="true">https://github.com/zqfaen/tva-common/raw/master/zips/</datadir>
	</dir>
	<dir>
		<info compressed="false">https://raw.githubusercontent.com/noobsandnerds/modules4all/master/zips/addons.xml</info>
		<checksum>https://raw.githubusercontent.com/noobsandnerds/modules4all/master/zips/addons.xml.md5</checksum>
		<datadir zip="true">https://raw.githubusercontent.com/noobsandnerds/modules4all/master/zips/</datadir>
	</dir>
		<info compressed="false">https://raw.githubusercontent.com/Goliath-Evolve/repository.Goliath/master/addons.xml</info>
		<checksum>https://raw.githubusercontent.com/Goliath-Evolve/repository.Goliath/master/addons.xml.md5</checksum>
		<datadir zip="true">https://raw.githubusercontent.com/Goliath-Evolve/repository.Goliath/master/zips/</datadir>
	</extension>
	<extension point="xbmc.addon.metadata">
		<summary>Home of Goliaths Addons</summary>
		<description>Download and install all unofficial Add-ons from Goliath</description>
		<platform>all</platform>
	</extension>
</addon>

