<?xml version="1.0" encoding="UTF-8" standalone="yes"?>
<addon id="script.xvbmc.update.android"
       name=" [COLOR lime][B]X[/B][/COLOR]vBMC [COLOR red]Update(r)[/COLOR] [COLOR green]*bonus*[/COLOR] Android Add-ons"
       version="3.14"
       provider-name="EPiC XvBMC-NL">
  <requires>
    <import addon="xbmc.python" version="2.14.0"/>
    <import addon="script.schoonmaak" version="1.10.11"/>
    <import addon="repository.xvbmc"  version="3.0.1"/>
  </requires>
    <extension point="xbmc.python.pluginsource" library="xvbmc.py">
    <provides>executable</provides>
  </extension>
  <extension point="xbmc.addon.metadata">
    <summary lang="en">XvBMC Nederland - Update(r) *extra* Android Add-ons</summary>
    <description lang="en">XvBMC Update(r) Android Add-ons ; *bonus* Android Add-ons.</description>
    <disclaimer lang="en">!!! USE AT YOUR OWN RISK !!!</disclaimer>
    <platform>android</platform>
    <license>GNU GENERAL PUBLIC LICENSE. Version 3, June 2007</license>
    <forum>https://www.fb.com/groups/XbmcVoorBeginnersRaspberryPi/</forum>
    <website>https://www.facebook.com/groups/XvBMCnederland/</website>
    <source>https://www.facebook.com/groups/XbmcVoorBeginnersRaspberryPi/</source>
  </extension>
</addon>
