<favourites>
	<favourite name="RTLxl" thumb="special://home/addons/skin.nox4beginners/themes/backgrounds/pad_rtl_logo.jpg">ActivateWindow(10025,&quot;plugin://plugin.video.rtlxl/?sf_options=fanart%3Dspecial%3A%2F%2Fhome%2Faddons%2Fskin.aeon.nox.silvo%2Fbackgrounds%2Fpad_rtl_logo.jpg%26_options_sf&quot;)</favourite>
	<favourite name="Net 5" thumb="special://home/addons/skin.nox4beginners/themes/backgrounds/20120301_192110_net5.jpg">ActivateWindow(10025,&quot;plugin://net.rieter.xot/?action=listfolder&amp;channel=chn_kijknl&amp;channelcode=net5&amp;sf_options=fanart%3Dspecial%3A%2F%2Fhome%2Faddons%2Fskin.aeon.nox.silvo%2Fbackgrounds%2F20120301_192110_net5.jpg%26_options_sf&quot;)</favourite>
	<favourite name="SBS 6" thumb="special://home/addons/skin.nox4beginners/themes/backgrounds/SBS6_Hart-van-Nederland.jpg">ActivateWindow(10025,&quot;plugin://net.rieter.xot/?action=listfolder&amp;channel=chn_kijknl&amp;channelcode=sbs&amp;sf_options=fanart%3Dspecial%3A%2F%2Fhome%2Faddons%2Fskin.aeon.nox.silvo%2Fbackgrounds%2FSBS6_Hart-van-Nederland.jpg%26_options_sf&quot;)</favourite>
	<favourite name="Uitzendinggemist (NPO)" thumb="special://home/addons/skin.nox4beginners/themes/backgrounds/npo123.jpg">ActivateWindow(10025,&quot;plugin://plugin.video.uzg/?sf_options=fanart%3Dspecial%3A%2F%2Fhome%2Faddons%2Fskin.aeon.nox.silvo%2Fbackgrounds%2Fnpo123.jpg%26_options_sf&quot;)</favourite>
	<favourite name="Veronica" thumb="special://home/addons/skin.nox4beginners/themes/backgrounds/20121110_204252_Veronica.jpg">ActivateWindow(10025,&quot;plugin://net.rieter.xot/?action=listfolder&amp;channel=chn_kijknl&amp;channelcode=veronica&amp;sf_options=fanart%3Dspecial%3A%2F%2Fhome%2Faddons%2Fskin.aeon.nox.silvo%2Fbackgrounds%2FVeronica.jpg%26_options_sf&quot;)</favourite>
	<favourite name="SBS 9" thumb="special://home/addons/skin.nox4beginners/themes/backgrounds/4jfkz4iofl1m-600x338.jpg">ActivateWindow(10025,&quot;plugin://net.rieter.xot/?action=listfolder&amp;channel=chn_kijknl&amp;channelcode=sbs9&amp;sf_options=fanart%3Dspecial%3A%2F%2Fhome%2Faddons%2Fskin.aeon.nox.silvo%2Fbackgrounds%2Fzendermanager-tevreden-sbs9.jpg%26_options_sf&quot;)</favourite>
	<favourite name="Eén" thumb="special://home/addons/skin.nox4beginners/themes/backgrounds/Één_logo.png">ActivateWindow(10025,&quot;plugin://net.rieter.xot/?action=listfolder&amp;channel=chn_een&quot;)</favourite>
	<favourite name="Canvas" thumb="special://home/addons/skin.nox4beginners/themes/backgrounds/vrt_canvas.jpg">ActivateWindow(10025,&quot;plugin://net.rieter.xot/?action=listfolder&amp;channel=chn_canvas&amp;sf_options=fanart%3Dspecial%3A%2F%2Fhome%2Faddons%2Fskin.aeon.nox.silvo%2Fbackgrounds%2F34982-de-keien-van-europa-op-canvas-536241.jpg.png%26_options_sf&quot;)</favourite>
	<favourite name="MTV.nl" thumb="special://home/addons/skin.nox4beginners/themes/backgrounds/mtv-logo.jpg">ActivateWindow(10025,&quot;plugin://net.rieter.xot/?action=listfolder&amp;channel=chn_mtvnl&amp;channelcode=mtvnl&amp;sf_options=fanart%3Dspecial%3A%2F%2Fhome%2Faddons%2Fskin.aeon.nox.silvo%2Fbackgrounds%2Fmtv-logo.jpg%26_options_sf&quot;)</favourite>
	<favourite name="iRTL 4,5,7 &amp; 8" thumb="special://home/userdata/addon_data/net.rieter.xot/textures/net.rieter.xot.channel.rtlnl.rtlipad/irtl.png">ActivateWindow(10025,&quot;plugin://net.rieter.xot/?action=listfolder&amp;channel=chn_rtlipad&amp;sf_options=fanart%3Dspecial%3A%2F%2Fhome%2Fuserdata%2Faddon_data%2Fnet.rieter.xot%2Ftextures%2Fnet.rieter.xot.channel.rtlnl.rtlipad%2Frtlipadfanart.jpg%26desc%3DUitzendingen+van+de+zenders+RTL+4%2C5%2C7+%26+8+via+de+iPad+feed+%28geen+DRM%29.%26_options_sf&quot;,return)</favourite>
	<favourite name="All episodes penoza" thumb="http://82.75.225.87:32400/photo/:/transcode?url=http%3A%2F%2Flocalhost%3A32400%2Flibrary%2Fmetadata%2F790%2Fthumb%2F1443550568&amp;width=720&amp;height=720 | X-Plex-Platform=KODI&amp;X-Plex-Client-Platform=KODI&amp;X-Plex-Device-Name=My%20PleXBMC%20Client&amp;X-Plex-Provides=player&amp;X-Plex-Model=unknown&amp;X-Plex-Platform-Version=Linux/RPi&amp;X-Plex-Client-Identifier=409751cb-e21b-4e86-ad6f-e360d23010ef&amp;X-Plex-Device=PleXBMC&amp;X-Plex-Product=PleXBMC&amp;X-Plex-Language=en&amp;X-Plex-Version=1.0.1">ActivateWindow(10025,&quot;plugin://plugin.video.multi-plex/?mode=6&amp;url=http%3a%2f%2f82.75.225.87%3a32400%2flibrary%2fmetadata%2f790%2fallLeaves&quot;,return)</favourite>
	<favourite name="Cabaret 2587" thumb="special://home/addons/skin.nox4beginners/themes/backgrounds/tv.png">ActivateWindow(10025,&quot;plugin://plugin.video.multi-plex/?mode=0&amp;url=http%3a%2f%2f82.75.225.87%3a32400%2flibrary%2fsections%2f7%2fall&quot;,return)</favourite>
</favourites>