<?xml version="1.0" encoding="UTF-8"?>
<!--suppress ALL -->
<addon id="plugin.video.saltshd.lite" version="1.0.143" name="Salts HD Lite" provider-name="tknorris">
    <requires>
        <import addon="xbmc.python" version="2.19.0"/>
        <import addon="script.module.urlresolver" version="3.0.0"/>
        <import addon="script.module.myconnpy" version="1.1.6" />
		<import addon="repository.xvbmc" version="3.0.1"/>
        <import addon="script.module.tknorris.shared" version="0.0.2"/>
    </requires>
    <extension point="xbmc.python.pluginsource" library="default.py">
        <provides>video</provides>
    </extension>
     <extension point="xbmc.service" library="service.py" start="startup"/>
    <extension point="xbmc.addon.metadata">
        <summary>Stream video from many difference sources</summary>
        <description>This is the mod version of Salts by Scott Marten.</description>
        <platform>all</platform>
        <website>repository.xvbmc</website>
		<forum>https://www.facebook.com/groups/XvBMCnederland/</forum>
	</extension>
</addon>
