<?xml version="1.0" encoding="UTF-8"?>
<fonts>
	
	
	
	<fontset id="Default" idloc="31390">
		<!-- Normal Fonts -->
		<font>
			<name>font8</name>
			<filename>Roboto-Regular.ttf</filename>
			<size>11</size>
		</font>
		<font>
			<name>font10</name>
			<filename>Roboto-Regular.ttf</filename>
			<size>14</size>
		</font>
		<font>
			<name>font11</name>
			<filename>Roboto-Regular.ttf</filename>
			<size>16</size>
		</font>
		<font>
			<name>font12</name>
			<filename>Roboto-Regular.ttf</filename>
			<size>17</size>
		</font>
		<font>
			<name>font13</name>
			<filename>Roboto-Regular.ttf</filename>
			<size>20</size>
		</font>
		<font>
			<name>font14</name>
			<filename>Roboto-Regular.ttf</filename>
			<size>22</size>
		</font>
		<font>
			<name>font16</name>
			<filename>Roboto-Regular.ttf</filename>
			<size>24</size><!-- test 25 orig -->
		</font>
		<font>
			<name>font30</name>
			<filename>Roboto-Regular.ttf</filename>
			<size>30</size>
		</font>
		<font>
			<name>fontContextMenu</name>
			<filename>Roboto-Regular.ttf</filename>
			<size>18</size>
		</font>
		<!-- used in global search default skin -->
		<font>
			<name>font_textbox</name>
			<filename>Roboto-Regular.ttf</filename>
			<size>16</size>
			<linespacing>1.2</linespacing>
		</font>
		
		<!-- Title Fonts -->
		<font>
			<name>font10_title</name>
			<filename>Roboto-Bold.ttf</filename>
			<size>12</size>
		</font>
		<font>
			<name>font12_title</name>
			<filename>Roboto-Medium.ttf</filename><!-- Bold orig -->
			<size>18</size><!-- 17 orig -->
		</font>
		<font>
			<name>font13_title</name>
			<filename>Roboto-Medium.ttf</filename><!-- test Bold orig -->
			<size>21</size><!-- test 20 orig -->
		</font>
		<font>
			<name>font24_title</name>
			<filename>Roboto-Medium.ttf</filename><!-- test -->
			<size>22</size>
		</font>
		<font>
			<name>font28_title</name>
			<filename>Roboto-Bold.ttf</filename>
			<size>28</size>
		</font>
		<font>
			<name>font30_title</name>
			<filename>Roboto-Bold.ttf</filename>
			<size>30</size>
		</font>
		<font>
			<name>font35_title</name>
			<filename>Roboto-Bold.ttf</filename>
			<size>35</size>
		</font>
		<font>
			<name>font_MainMenu</name>
			<filename>Roboto-Bold.ttf</filename>
			<size>40</size>
		</font>
		<font>
			<name>WeatherTemp</name>
			<filename>Roboto-Medium.ttf</filename>
			<size>80</size>
		</font>
		
		
		
		<!-- LightX FONTS -->
		<font>
			<name>Light20</name>
			<filename>Roboto-Light.ttf</filename>
			<size>20</size>
		</font>
		<font>
			<name>Light20+</name>
			<filename>Roboto-Light.ttf</filename>
			<size>20</size>
			<linespacing>1.15</linespacing>
		</font>
		
		<!-- RegularX FONTS -->
		<font>
			<name>Regular14</name>
			<filename>Roboto-Regular.ttf</filename>
			<size>14</size>
		</font>
		<font>
			<name>Regular15</name>
			<filename>Roboto-Regular.ttf</filename>
			<size>15</size>
		</font>
		<font>
			<name>Regular16</name>
			<filename>Roboto-Regular.ttf</filename>
			<size>16</size>
		</font>
		<font>
			<name>Regular17</name>
			<filename>Roboto-Regular.ttf</filename>
			<size>17</size>
		</font>
		<font>
			<name>Regular17+</name>
			<filename>Roboto-Regular.ttf</filename>
			<size>17</size>
			<linespacing>1.15</linespacing>
		</font>
		<font>
			<name>Regular18</name>
			<filename>Roboto-Regular.ttf</filename>
			<size>18</size>
		</font>
		<font>
			<name>Regular19</name>
			<filename>Roboto-Regular.ttf</filename>
			<size>19</size>
		</font>
		<font>
			<name>Regular19+</name>
			<filename>Roboto-Regular.ttf</filename>
			<size>19</size>
			<linespacing>1.10</linespacing>
		</font>
		<font>
			<name>Regular20</name>
			<filename>Roboto-Regular.ttf</filename>
			<size>20</size>
		</font>
		<font>
			<name>Regular20+</name>
			<filename>Roboto-Regular.ttf</filename>
			<size>20</size>
			<linespacing>1.15</linespacing>
		</font>
		<font>
			<name>Regular21</name>
			<filename>Roboto-Regular.ttf</filename>
			<size>21</size>
		</font>
		<font>
			<name>Regular22</name>
			<filename>Roboto-Regular.ttf</filename>
			<size>22</size>
		</font>
		<font>
			<name>Regular23</name>
			<filename>Roboto-Regular.ttf</filename>
			<size>23</size>
		</font>
		<font>
			<name>Regular24</name>
			<filename>Roboto-Regular.ttf</filename>
			<size>24</size>
		</font>
		<font>
			<name>Regular26</name>
			<filename>Roboto-Regular.ttf</filename>
			<size>26</size>
		</font>
		<font>
			<name>Regular28</name>
			<filename>Roboto-Regular.ttf</filename>
			<size>28</size>
		</font>
		<font>
			<name>Regular30</name>
			<filename>Roboto-Regular.ttf</filename>
			<size>30</size>
		</font>
		
		<!-- MediumX FONTS -->
		<font>
			<name>Medium14</name>
			<filename>Roboto-Medium.ttf</filename>
			<size>14</size>
		</font>
		<font>
			<name>Medium15</name>
			<filename>Roboto-Medium.ttf</filename>
			<size>15</size>
		</font>
		<font>
			<name>Medium16</name>
			<filename>Roboto-Medium.ttf</filename>
			<size>16</size>
		</font>
		<font>
			<name>Medium17</name>
			<filename>Roboto-Medium.ttf</filename>
			<size>17</size>
		</font>
		<font>
			<name>Medium18</name>
			<filename>Roboto-Medium.ttf</filename>
			<size>18</size>
		</font>
		<font>
			<name>Medium20</name>
			<filename>Roboto-Medium.ttf</filename>
			<size>20</size>
		</font>
		<font>
			<name>Medium21</name>
			<filename>Roboto-Medium.ttf</filename>
			<size>21</size>
		</font>
		<font>
			<name>Medium22</name>
			<filename>Roboto-Medium.ttf</filename>
			<size>22</size>
		</font>
		<font>
			<name>Medium23</name>
			<filename>Roboto-Medium.ttf</filename>
			<size>23</size>
		</font>
		<font>
			<name>Medium28</name>
			<filename>Roboto-Medium.ttf</filename>
			<size>28</size>
		</font>
		<font>
			<name>Medium30</name>
			<filename>Roboto-Medium.ttf</filename>
			<size>30</size>
		</font>
		
		
		
	</fontset>
	

	<fontset id="Massive" idloc="15110">
		<!-- Normal Fonts -->
		<font>
			<name>font8</name>
			<filename>Roboto-Regular.ttf</filename>
			<size>11</size>
		</font>
		<font>
			<name>font10</name>
			<filename>Roboto-Regular.ttf</filename>
			<size>14</size>
		</font>
		<font>
			<name>font11</name>
			<filename>Roboto-Regular.ttf</filename>
			<size>16</size>
		</font>
		<font>
			<name>font12</name>
			<filename>Roboto-Regular.ttf</filename>
			<size>23</size>
		</font>
		<font>
			<name>font13</name>
			<filename>Roboto-Regular.ttf</filename>
			<size>25</size>
		</font>
		<font>
			<name>font14</name>
			<filename>Roboto-Regular.ttf</filename>
			<size>25</size>
		</font>
		<font>
			<name>font16</name>
			<filename>Roboto-Regular.ttf</filename>
			<size>25</size><!-- test 25 orig -->
		</font>
		<font>
			<name>font30</name>
			<filename>Roboto-Regular.ttf</filename>
			<size>30</size>
		</font>
		<font>
			<name>fontContextMenu</name>
			<filename>Roboto-Regular.ttf</filename>
			<size>25</size>
		</font>
		<!-- used in global search default skin -->
		<font>
			<name>font_textbox</name>
			<filename>Roboto-Regular.ttf</filename>
			<size>16</size>
			<linespacing>1.2</linespacing>
		</font>
		
		<!-- Title Fonts -->
		<font>
			<name>font10_title</name>
			<filename>Roboto-Bold.ttf</filename>
			<size>12</size>
		</font>
		<font>
			<name>font12_title</name>
			<filename>Roboto-Medium.ttf</filename><!-- Bold orig -->
			<size>18</size><!-- 17 orig -->
		</font>
		<font>
			<name>font13_title</name>
			<filename>Roboto-Medium.ttf</filename><!-- test Bold orig -->
			<size>21</size><!-- test 20 orig -->
		</font>
		<font>
			<name>font24_title</name>
			<filename>Roboto-Medium.ttf</filename><!-- test -->
			<size>22</size>
		</font>
		<font>
			<name>font28_title</name>
			<filename>Roboto-Bold.ttf</filename>
			<size>28</size>
		</font>
		<font>
			<name>font30_title</name>
			<filename>Roboto-Bold.ttf</filename>
			<size>30</size>
		</font>
		<font>
			<name>font35_title</name>
			<filename>Roboto-Bold.ttf</filename>
			<size>35</size>
		</font>
		<font>
			<name>font_MainMenu</name>
			<filename>Roboto-Bold.ttf</filename>
			<size>40</size>
		</font>
		<font>
			<name>WeatherTemp</name>
			<filename>Roboto-Medium.ttf</filename>
			<size>80</size>
		</font>
		
		
		
		<!-- LightX FONTS -->
		<font>
			<name>Light20</name>
			<filename>Roboto-Light.ttf</filename>
			<size>20</size>
		</font>
		<font>
			<name>Light20+</name>
			<filename>Roboto-Light.ttf</filename>
			<size>20</size>
			<linespacing>1.15</linespacing>
		</font>
		
		<!-- RegularX FONTS -->
		<font>
			<name>Regular14</name>
			<filename>Roboto-Regular.ttf</filename>
			<size>14</size>
		</font>
		<font>
			<name>Regular15</name>
			<filename>Roboto-Regular.ttf</filename>
			<size>15</size>
		</font>
		<font>
			<name>Regular16</name>
			<filename>Roboto-Regular.ttf</filename>
			<size>16</size>
		</font>
		<font>
			<name>Regular17</name>
			<filename>Roboto-Regular.ttf</filename>
			<size>17</size>
		</font>
		<font>
			<name>Regular17+</name>
			<filename>Roboto-Regular.ttf</filename>
			<size>17</size>
			<linespacing>1.15</linespacing>
		</font>
		<font>
			<name>Regular18</name>
			<filename>Roboto-Regular.ttf</filename>
			<size>18</size>
		</font>
		<font>
			<name>Regular19</name>
			<filename>Roboto-Regular.ttf</filename>
			<size>19</size>
		</font>
		<font>
			<name>Regular19+</name>
			<filename>Roboto-Regular.ttf</filename>
			<size>19</size>
			<linespacing>1.10</linespacing>
		</font>
		<font>
			<name>Regular20</name>
			<filename>Roboto-Regular.ttf</filename>
			<size>20</size>
		</font>
		<font>
			<name>Regular20+</name>
			<filename>Roboto-Regular.ttf</filename>
			<size>20</size>
			<linespacing>1.15</linespacing>
		</font>
		<font>
			<name>Regular21</name>
			<filename>Roboto-Regular.ttf</filename>
			<size>21</size>
		</font>
		<font>
			<name>Regular22</name>
			<filename>Roboto-Regular.ttf</filename>
			<size>22</size>
		</font>
		<font>
			<name>Regular23</name>
			<filename>Roboto-Regular.ttf</filename>
			<size>23</size>
		</font>
		<font>
			<name>Regular24</name>
			<filename>Roboto-Regular.ttf</filename>
			<size>24</size>
		</font>
		<font>
			<name>Regular26</name>
			<filename>Roboto-Regular.ttf</filename>
			<size>26</size>
		</font>
		<font>
			<name>Regular28</name>
			<filename>Roboto-Regular.ttf</filename>
			<size>28</size>
		</font>
		<font>
			<name>Regular30</name>
			<filename>Roboto-Regular.ttf</filename>
			<size>30</size>
		</font>
		
		<!-- MediumX FONTS -->
		<font>
			<name>Medium14</name>
			<filename>Roboto-Medium.ttf</filename>
			<size>14</size>
		</font>
		<font>
			<name>Medium15</name>
			<filename>Roboto-Medium.ttf</filename>
			<size>15</size>
		</font>
		<font>
			<name>Medium16</name>
			<filename>Roboto-Medium.ttf</filename>
			<size>16</size>
		</font>
		<font>
			<name>Medium17</name>
			<filename>Roboto-Medium.ttf</filename>
			<size>17</size>
		</font>
		<font>
			<name>Medium18</name>
			<filename>Roboto-Medium.ttf</filename>
			<size>18</size>
		</font>
		<font>
			<name>Medium20</name>
			<filename>Roboto-Medium.ttf</filename>
			<size>20</size>
		</font>
		<font>
			<name>Medium21</name>
			<filename>Roboto-Medium.ttf</filename>
			<size>21</size>
		</font>
		<font>
			<name>Medium22</name>
			<filename>Roboto-Medium.ttf</filename>
			<size>22</size>
		</font>
		<font>
			<name>Medium23</name>
			<filename>Roboto-Medium.ttf</filename>
			<size>23</size>
		</font>
		<font>
			<name>Medium28</name>
			<filename>Roboto-Medium.ttf</filename>
			<size>28</size>
		</font>
		<font>
			<name>Medium30</name>
			<filename>Roboto-Medium.ttf</filename>
			<size>30</size>
		</font>
		
		
		
	</fontset>
	
	
</fonts>
