<?xml version="1.0" encoding="UTF-8"?>
<addon id="plugin.video.saltsrd.lite" version="2.0.171" name="Salts RD Lite" provider-name="TKnorris (EPiC XvBMC MOD)">
    <requires>
        <import addon="xbmc.python" version="2.19.0"/>
        <import addon="script.module.urlresolver" version="3.0.0"/>
        <import addon="script.module.myconnpy" version="1.1.6" />
        <import addon="repository.xvbmc" version="4.0.1"/>
        <import addon="script.module.tknorris.shared" version="0.0.19"/>
        <import addon="script.module.image_cache" version="0.0.1" optional="true"/>
    </requires>
    <extension point="xbmc.python.pluginsource" library="default.py">
        <provides>video</provides>
    </extension>
        <extension point="xbmc.service" library="service.py" start="startup"/>
    <extension point="xbmc.addon.metadata">
        <summary>Stream video from many difference sources with EPiC SALTs RD Lite (RealDebrid)</summary>
        <description>This is the MOD version of SALTs by EPiC + Scott Marten (Credits -2- TKnorris obviously) -4- RealDebrid usage.</description>
        <disclaimer>MOD info @ http://bit.ly/XvBMC-NL (USE_AT_YOUR_OWN!_RISK!) ---> *C*R*E*D*I*T*S* -2- TKnorris obviously</disclaimer>
        <platform>all</platform>
        <license>GNU GENERAL PUBLIC LICENSE. Version 3, June 2007</license>
		<forum>https://www.facebook.com/groups/XvBMCnederland/</forum>
        <website>repository.xvbmc</website>
        <source>http://bit.ly/XvBMC-NL</source>
        <news>[B]Version 2.0.171[/B]: Mod VoOdOo</news>
		<assets>
		  <icon>icon.png</icon>
		  <fanart>fanart.jpg</fanart>
		  <screenshot>resources/screenshots/screenshot1.png</screenshot>
          <screenshot>resources/screenshots/screenshot2.png</screenshot>
          <screenshot>resources/screenshots/screenshot3.png</screenshot>
          <screenshot>resources/screenshots/screenshot4.png</screenshot>
          <screenshot>resources/screenshots/screenshot5.png</screenshot>
		</assets>
	</extension>
</addon>
