<?xml version="1.0" encoding="UTF-8" standalone="yes"?>
<addon id="repository.xvbmc" name=" [COLOR lime][B]X[/B][/COLOR]vBMC Addon REPOsitory" version="2.0.0" provider-name="XvBMC Nederland">
  <requires>
    <import addon="xbmc.addon" version="12.0.0"/>
  </requires>
	<extension point="xbmc.addon.repository" name="XvBMC Addon Repo/Depot">
		<dir>
			<info compressed="false">https://github.com/XvBMC/repository.xvbmc/raw/master/xvbmc-addons.xml</info>
			<checksum>https://github.com/XvBMC/repository.xvbmc/raw/master/xvbmc-addons.xml.md5</checksum>
			<datadir zip="true">https://raw.github.com/XvBMC/repository.xvbmc/master/zips/</datadir>
			<hashes>true</hashes>
		</dir>
			<info compressed="false">https://github.com/XvBMC/repository.xvbmc/raw/master/xvbmc-addons.xml</info>
			<checksum>https://github.com/XvBMC/repository.xvbmc/raw/master/xvbmc-addons.xml.md5</checksum>
			<datadir zip="true">https://github.com/XvBMC/repository.xvbmc/raw/master/zips/</datadir>
			<hashes>false</hashes>
	</extension>
	<extension point="xbmc.addon.metadata">
		<summary lang="en">XvBMC The Netherlands Addon REPOsitory</summary>
		<summary lang="nl">XvBMC Nederland Addon REPOsitory</summary>
		<description lang="en">XvBMC The Netherlands Addon Repository / XvBMC The Netherlands Addon Depot \ be sure to check out our FB-page: https://www.fb.com/groups/XvBMCnederland/</description>
		<description lang="nl">XvBMC Nederland Addon Repository / XvBMC Nederland Addon Depot \ en volg zeker ook even onze Facebook pagina: https://www.fb.com/groups/XvBMCnederland/</description>
		<disclaimer lang="en">The owners and submitters to this repository do not host or distribute any of the content displayed by these addons nor do they have any affiliation with its content. Please Read: https://raw.githubusercontent.com/XvBMC/repository.xvbmc/master/LICENSE just because you can ;)</disclaimer>
		<disclaimer lang="nl">The owners and submitters to this repository do not host or distribute any of the content displayed by these addons nor do they have any affiliation with its content. Please Read: https://raw.githubusercontent.com/XvBMC/repository.xvbmc/master/LICENSE just because you can ;)</disclaimer>
		<platform>all</platform>
		<license>GNU GENERAL PUBLIC LICENSE. Version 3, June 2007</license>
		<forum>https://www.fb.com/groups/XvBMCnederland/</forum>
		<website>https://www.fb.com/groups/XvBMCnederland/</website>
		<source>https://archive.org/download/repository.xvbmc/</source>
	</extension>
</addon>