<?xml version="1.0" encoding="UTF-8" standalone="yes"?>
<addon id="service.subtitles.addic7ed"
       name="Addic7ed"
       version="5.0.0"
       provider-name="amet">
  <requires>
    <import addon="xbmc.python" version="2.1.0"/>
    <import addon="script.module.beautifulsoup" version="3.0.8"/>
  </requires>
  <extension point="xbmc.subtitle.module"
             library="service.py" />
  <extension point="xbmc.addon.metadata">
    <summary lang="en">addic7ed</summary>
    <description lang="en">Search and download subtitles from addic7ed</description>
  </extension>
</addon>
