<?xml version="1.0" encoding="UTF-8" standalone="yes"?>
<addon id="network.openvpn"
       name="openvpn"
       version="6.0.0c"
       provider-name="Stefan Saraev (seo at irc.freenode.net)">
  <requires>
    <import addon="xbmc.python" version="2.1.0"/>
  </requires>
  <extension point="xbmc.python.script" library="default.py">
    <provides></provides>
  </extension>
  <extension point="xbmc.addon.metadata">
    <summary>openvpn: a full featured SSL VPN software solution that integrates OpenVPN server capabilities. (XvBMC: fix dependencies mismatch).</summary>
    <description>
openvpn binary is installed as /storage/.kodi/addons/network.openvpn/bin/openvpn (XvBMC: replace *v6.0.1* / fix dependencies not met).
    </description>
    <disclaimer>
this is an unofficial addon. please don't ask for support in openelec forum / irc channel (XvBMC: replace previous 6.0.0-to-6.0.1 bump).
    </disclaimer>
    <platform>all</platform>
  </extension>
</addon>
