<favourites>
	<favourite name="NL: RTL 4" thumb="">PlayMedia(&quot;http://iptv.euroremix.com:8000/live/TesT8555/99633/1012.ts?sf_options=winID%3D10002%26_options_sf&quot;)</favourite>
	<favourite name="Rtl 4" thumb="">PlayMedia(&quot;plugin://plugin.video.mikeytv/?url=http%3A%2F%2F85.25.218.135%3A8000%2Finfo%40visioniptv.nl%2F8787%2F209.ch&amp;mode=200&amp;name=Rtl+4&amp;iconimage=&amp;description=&amp;sf_options=winID%3D10002%26_options_sf&quot;)</favourite>
	<favourite name="Rtl 5" thumb="">PlayMedia(&quot;plugin://plugin.video.mikeytv/?url=http%3A%2F%2F85.25.218.135%3A8000%2Finfo%40visioniptv.nl%2F8787%2F210.ch&amp;mode=200&amp;name=Rtl+5&amp;iconimage=&amp;description=&amp;sf_options=winID%3D10002%26_options_sf&quot;)</favourite>
	<favourite name="Search" thumb="special://home/addons/plugin.video.youtube/resources/media/search.png">ActivateWindow(10025,&quot;plugin://plugin.video.youtube/kodion/search/list/?sf_options=fanart%3Dspecial%3A%2F%2Fhome%2Faddons%2Fplugin.video.youtube%2Fresources%2Fmedia%2Ffanart.jpg%26_options_sf&quot;,return)</favourite>
	<favourite name="Kindgirls" thumb="special://home/addons/plugin.image.kindgirls/icon.png">PlayMedia(&quot;addons://enabled/plugin.image.kindgirls?sf_options=winID%3D10002%26desc%3DKindgirls%3A+Nude+girls+in+erotic+photos+and+videos%26_options_sf&quot;)</favourite>
	<favourite name="Adults TV" thumb="special://home/addons/plugin.video.adultstv/icon.png">ActivateWindow(10025,&quot;plugin://plugin.video.adultstv?sf_options=fanart%3Dspecial%3A%2F%2Fhome%2Faddons%2Fplugin.video.adultstv%2Ffanart.jpg%26desc%3DAdults+only%21+You+may+only+view+the+contents+of+this+addon+if+you+are+at+least+18+years+of+age%2C+or+at+least+the+age+of+majority+in+the+jurisdiction+where+you+reside+or+from+which+you+access+this+content.%26_options_sf&quot;,return)</favourite>
	<favourite name="Video gallery" thumb="">ActivateWindow(10002,&quot;plugin://plugin.image.kindgirls/?mode=video&quot;,return)</favourite>
	<favourite name="Cherry Pie" thumb="special://home/addons/plugin.video.cherrypie/icon.png">ActivateWindow(10025,&quot;plugin://plugin.video.cherrypie?sf_options=fanart%3Dspecial%3A%2F%2Fhome%2Faddons%2Fplugin.video.cherrypie%2Ffanart.jpg%26desc%3Dlive+XXX+TV%2C+VOD+XXX%2C+Full+XXX+Adult+Movies%26_options_sf&quot;,return)</favourite>
	<favourite name="[COLOR white]18+ ZONE[/COLOR]" thumb="http://s6.postimg.org/pnx8hmpi9/adult.png">ActivateWindow(10025,&quot;plugin://plugin.video.zeus/?description&amp;iconimage=http%3a%2f%2fs6.postimg.org%2fpnx8hmpi9%2fadult.png&amp;mode=7&amp;name=%5bCOLOR%20white%5d18%2b%20ZONE%5b%2fCOLOR%5d&amp;url=chin-18plus&amp;sf_options=fanart%3Dhttp%3A%2F%2Fs6.postimg.org%2Fpnx8hmpi9%2Fadult.png%26_options_sf&quot;,return)</favourite>
	<favourite name="[COLOR lime]Straight[/COLOR]" thumb="http://s23.postimg.org/5pvk434rv/adultmovies.png">ActivateWindow(10025,&quot;plugin://plugin.video.zeus/?description&amp;iconimage=http%3a%2f%2fs23.postimg.org%2f5pvk434rv%2fadultmovies.png&amp;mode=600&amp;name=%5bCOLOR%20lime%5dStraight%5b%2fCOLOR%5d&amp;url=Straight&amp;sf_options=fanart%3Dhttp%3A%2F%2Fs23.postimg.org%2F5pvk434rv%2Fadultmovies.png%26_options_sf&quot;,return)</favourite>
	<favourite name="Cabaret" thumb="special://home/addons/plugin.video.nl-plex/resource/thumb.png">ActivateWindow(10002,&quot;plugin://plugin.video.nl-plex/?mode=0&amp;url=http%3a%2f%2f82.75.225.87%3a32400%2flibrary%2fsections%2f7&amp;sf_options=X-Plex-Platform%3DKODI%26X-Plex-Model%3Dunknown%26width%3D1280%26X-Plex-Client-Platform%3DKODI%26X-Plex-Client-Identifier%3D548d651a-615c-4dfd-98d9-718349036e49%26height%3D720%26X-Plex-Device%3DPleXBMC%26fanart%3Dhttp%3A%2F%2F82.75.225.87%3A32400%2Fphoto%2F%3A%2Ftranscode%3Furl%26X-Plex-Platform-Version%3DLinux%252FRPi%26meta%3Dlabel%253DCabaret%2526castandrole%253D%25255B%25255D%2526title%253DCabaret%26X-Plex-Product%3DPleXBMC%26X-Plex-Language%3Den%26X-Plex-Device-Name%3DMy%2BPleXBMC%2BClient%26X-Plex-Provides%3Dplayer%26X-Plex-Version%3D1.0.1%26_options_sf&quot;,return)</favourite>
</favourites>