<?xml version="1.0" encoding="UTF-8" standalone="yes"?>
<addon id="script.xvbmc.update"
       name=" [COLOR lime][B]X[/B][/COLOR]vBMC [COLOR red]Update(r)[/COLOR] &amp; Development [I][COLOR green] v3[/COLOR][/I]"
	   version="3.11"
       provider-name="XvBMC NL">
  <requires>
    <import addon="xbmc.python" version="2.14.0"/>
	<import addon="script.schoonmaak" version="1.10.09"/>
	<import addon="script.xvbmc.dev"  version="3.04" optional="true"/>
	<import addon="script.xvbmc.oc"   version="3.03" optional="true"/>
	<import addon="repository.xvbmc"  version="3.0.1"/>
  </requires>
   <extension point="xbmc.python.pluginsource" library="xvbmc.py">
   <provides>executable</provides>
  </extension>
  <extension point="xbmc.addon.metadata">
    <summary lang="en">XvBMC Nederland - Update(r)+DEVelopment v3</summary>
    <description lang="en">XvBMC Update(r) + DEVelopment ; updates, tweaks, config's (v3 *Final* LibreELEC Jarvis).</description>
	<disclaimer lang="en">!!! USE AT YOUR OWN RISK !!!</disclaimer>
	<platform>all</platform>
	<license>GNU GENERAL PUBLIC LICENSE. Version 3, June 2007</license>
	<forum>https://www.fb.com/groups/XbmcVoorBeginnersRaspberryPi/</forum>
	<website>https://www.facebook.com/groups/XvBMCnederland/</website>
	<source>https://www.facebook.com/groups/XbmcVoorBeginnersRaspberryPi/</source>
  </extension>
</addon>
