<?xml version="1.0" encoding="UTF-8" standalone="yes"?>
<addon id="script.schoonmaak"
       name=" [COLOR lime][B]X[/B][/COLOR]vBMC [COLOR red]S[/COLOR]choonmaak/[COLOR red]M[/COLOR]aintenance [I][COLOR green] (kodi schoonmaak)[/COLOR][/I]"
       version="1.10.11"
       provider-name="XvBMC NL">
  <requires>
    <import addon="xbmc.python" version="2.14.0"/>
	<import addon="repository.xvbmc" version="3.0.1"/>
  </requires>
  <extension point="xbmc.python.pluginsource" library="default.py">
        <provides>executable</provides>
  </extension>
  <extension point="xbmc.addon.metadata">
    <platform>all</platform>
    <summary lang="en">XvBMC Nederland - Kodi Schoonmaak v3</summary>
    <description lang="en">XvBMC Maintenance/Schoonmaak ; CrapCleaner + Purge.</description>
	<disclaimer lang="en">!!! USE AT YOUR OWN RISK !!!</disclaimer>
	<platform>all</platform>
	<license>GNU GENERAL PUBLIC LICENSE. Version 3, June 2007</license>
	<forum>https://www.fb.com/groups/XbmcVoorBeginnersRaspberryPi/</forum>
	<website>https://www.facebook.com/groups/XvBMCnederland/</website>
	<source>https://www.facebook.com/groups/XbmcVoorBeginnersRaspberryPi/</source>
  </extension>
</addon>
