<?xml version="1.0" encoding="UTF-8" standalone="yes"?>
<addon id="network.openvpn"
       name="openvpn"
       version="2016.05.01.600"
       provider-name="Stefan Saraev (seo at irc.freenode.net)">
  <requires>
    <import addon="os.openelec.tv" version="6.0"/>
	<import addon="xbmc.python" version="2.1.0"/>
  </requires>
  <extension point="xbmc.python.script" library="default.py">
    <provides></provides>
  </extension>
  <extension point="xbmc.addon.metadata">
    <summary>openvpn: a full featured SSL VPN software solution that integrates OpenVPN server capabilities. (XvBMC: version control).</summary>
    <description>
openvpn binary is installed as /storage/.kodi/addons/network.openvpn/bin/openvpn (XvBMC: version control '6.0.0 *bump*' -4- Isengard).
    </description>
    <disclaimer>
this is an unofficial addon. please don't ask for support in openelec forum / irc channel (XvBMC: version control).
    </disclaimer>
    <platform>all</platform>
  </extension>
</addon>
