<favourites>
    <favourite name="[COLOR yellow][ Films & TV-Series ][/COLOR]" thumb="special://home/addons/repository.kaosbox2/icon.png" >SF_MANUAL_CMD_1</favourite>
    <favourite name="[COLOR red]- [/COLOR]Trailers" thumb="special://home/addons/plugin.video.hdtrailers_net/icon.png" >ActivateWindow(10025,&quot;plugin://plugin.video.hdtrailers_net&quot;,return)</favourite>
    <favourite name="[COLOR red]- [/COLOR]Elysium" thumb="special://home/addons/plugin.video.elysium/icon.png">ActivateWindow(10025,&quot;plugin://plugin.video.elysium/&quot;,return)</favourite>
    <favourite name="[COLOR red]- [/COLOR]Covenant" thumb="special://home/addons/plugin.video.covenant/icon.png">ActivateWindow(10025,&quot;plugin://plugin.video.covenant/&quot;,return)</favourite>
    <favourite name="[COLOR red]- [/COLOR]Bob" thumb="special://home/addons/plugin.video.bob/icon.png">ActivateWindow(10025,&quot;plugin://plugin.video.bob/?content_type=video&quot;,return)</favourite>
    <favourite name="[COLOR red]- [/COLOR]Picasso" thumb="special://home/addons/plugin.video.picasso/icon.png">ActivateWindow(10025,&quot;plugin://plugin.video.picasso/&quot;,return)</favourite>
    <favourite name="[COLOR red]- [/COLOR]Bubbles" thumb="special://home/addons/plugin.video.bubbles/icon.png">ActivateWindow(10025,&quot;plugin://plugin.video.bubbles/&quot;,return)</favourite>
    <favourite name="[COLOR red]- [/COLOR]Stream All The Sources" thumb="special://home/addons/plugin.video.salts/icon.png">ActivateWindow(10025,&quot;plugin://plugin.video.salts/&quot;,return)</favourite>
    <favourite name="[COLOR red]- [/COLOR]Dr Stream Fork [COLOR red](RealDebrid nodig!)[/COLOR]" thumb="special://home/addons/plugin.video.Drstream/icon.png">ActivateWindow(10025,&quot;plugin://plugin.video.Drstream/&quot;,return)</favourite>
    <favourite name="[COLOR red]- [/COLOR]UK Turk Playlists" thumb="special://home/addons/plugin.video.ukturk/icon.png">ActivateWindow(10025,&quot;plugin://plugin.video.ukturk/&quot;,return)</favourite>
    <favourite name="[COLOR red]- [/COLOR]The [COLOR red]Red[/COLOR] Pill" thumb="special://home/addons/plugin.video.redpill/icon.png">ActivateWindow(10025,&quot;plugin://plugin.video.redpill&quot;,return)</favourite>
    <favourite name="[COLOR red]- [/COLOR]YouTube" thumb="special://home/addons/plugin.video.youtube/icon.png">ActivateWindow(10025,&quot;plugin://plugin.video.youtube&quot;,return)</favourite>
    <favourite name="[COLOR red]- [/COLOR][COLOR green][ Alle Video add-ons ][/COLOR][COLOR red] -[/COLOR]" thumb="special://home/addons/repository.kaosbox2/icon.png" >ActivateWindow(10025,&quot;library://video/addons.xml/&quot;,return)</favourite>
</favourites>