<favourites>
	<favourite name="[COLOR yellow][ KAOSbox Originals ][/COLOR]" thumb="special://home/addons/repository.kaosbox2/icon.png">SF_MANUAL_CMD_1</favourite>
        <favourite name="[COLOR red]- [/COLOR]TopPop" thumb="special://home/addons/plugin.video.toppop/icon.png">ActivateWindow(10025,&quot;plugin://plugin.video.toppop/&quot;,return)</favourite>
	<favourite name="[COLOR red]- [/COLOR]Back to the 80s" thumb="special://home/addons/plugin.video.backtothe80s/icon.png">ActivateWindow(10025,&quot;plugin://plugin.video.backtothe80s&quot;,return)</favourite>
	<favourite name="[COLOR red]- [/COLOR]Van Kooten en De Bie" thumb="special://home/addons/plugin.video.kootenbie/icon.png">ActivateWindow(10025,&quot;plugin://plugin.video.kootenbie/&quot;,return)</favourite>
	<favourite name="[COLOR red]- [/COLOR]Toren C" thumb="special://home/addons/plugin.video.torenc/icon.png">ActivateWindow(10025,&quot;plugin://plugin.video.torenc/&quot;,return)</favourite>
	<favourite name="[COLOR red]- [/COLOR]Hollands Glorie TV" thumb="special://home/addons/plugin.video.hollandsglorietv/icon.png">ActivateWindow(10025,&quot;plugin://plugin.video.hollandsglorietv/&quot;,return)</favourite>
	<favourite name="[COLOR red]- [/COLOR]Minecraft YouTube" thumb="special://home/addons/plugin.video.minecraft/icon.png">ActivateWindow(10025,&quot;plugin://plugin.video.minecraft/&quot;,return)</favourite>
	<favourite name="[COLOR red]- [/COLOR]EnzoKnol" thumb="special://home/addons/plugin.video.EnzoKnol/icon.png">ActivateWindow(10025,&quot;plugin://plugin.video.EnzoKnol/&quot;,return)</favourite>
	<favourite name="[COLOR red]- [/COLOR]Jiskefet" thumb="special://home/addons/plugin.video.jiskefet/icon.png">ActivateWindow(10025,&quot;plugin://plugin.video.jiskefet/&quot;,return)</favourite>
	<favourite name="[COLOR red]- [/COLOR]Bob Ross [COLOR red]- [/COLOR]The Joy of Painting" thumb="special://home/addons/plugin.video.bobross/icon.png">ActivateWindow(10025,&quot;plugin://plugin.video.bobross/&quot;,return)</favourite>
	<favourite name="" thumb="">SF_MANUAL_CMD_4</favourite>
	<favourite name="[COLOR yellow][ Hidden Gems ][/COLOR]" thumb="special://home/addons/repository.kaosbox2/icon.png">SF_MANUAL_CMD_5</favourite>
	<favourite name="[COLOR red]- [/COLOR]Alles in [COLOR orange][B]1[/B][/COLOR] NL" thumb="special://home/addons/plugin.video.Allesin1NL!/icon.png">ActivateWindow(10025,&quot;plugin://plugin.video.Allesin1NL!/&quot;,return)</favourite>
	<favourite name="[COLOR red]- [/COLOR]LuckyTV" thumb="special://home/addons/plugin.video.luckytv/icon.png">ActivateWindow(10025,&quot;plugin://plugin.video.luckytv/&quot;,return)</favourite>
	<favourite name="[COLOR red]- [/COLOR]Dumpert" thumb="special://home/addons/plugin.video.dumpert/icon.png">ActivateWindow(10025,&quot;plugin://plugin.video.dumpert/&quot;,return)</favourite>
	<favourite name="" thumb="">SF_MANUAL_CMD_2</favourite>
	<favourite name="[COLOR yellow][ YouTube Gems ][/COLOR]" thumb="special://home/addons/repository.kaosbox2/icon.png">SF_MANUAL_CMD_3</favourite>
	<favourite name="[COLOR red]- [/COLOR]Timeless Classic Movies" thumb="https://yt3.ggpht.com/-59bxvAQY0FU/AAAAAAAAAAI/AAAAAAAAAAA/bWmE_eGapCk/s240-c-k-no-mo-rj-c0xffffff/photo.jpg">ActivateWindow(10025,&quot;plugin://plugin.video.youtube/channel/UCOg0aMAXmF3o5m243PxhE5g/&quot;,return)</favourite>
	<favourite name="[COLOR red]- [/COLOR]Timeless Classic Films" thumb="https://yt3.ggpht.com/--2UtXIRXjMw/AAAAAAAAAAI/AAAAAAAAAAA/2rue_pLv5oc/s240-c-k-no-mo-rj-c0xffffff/photo.jpg">ActivateWindow(10025,&quot;plugin://plugin.video.youtube/channel/UCWlLgwn2nfjnefINARfcquA/&quot;,return)</favourite>
	<favourite name="[COLOR red]- [/COLOR]Carpool Karaoke" thumb="special://home/addons/repository.kaosbox2/icon.png">ActivateWindow(10025,&quot;plugin://plugin.video.youtube/playlist/PLZ1f3amS4y1ffYEhGZDtawaEyRQQu69Bw/&quot;,return)</favourite>
	<favourite name="[COLOR red]- [/COLOR]Troma Movies" thumb="special://home/addons/repository.kaosbox2/icon.png">ActivateWindow(10025,&quot;plugin://plugin.video.youtube/playlist/PLLnfvt0Tjwhq8-7ZsXYAaxVrIjoAyo1NA/&quot;,return)</favourite>
	<favourite name="[COLOR red]- [/COLOR]Bizarro Musica" thumb="special://home/addons/repository.kaosbox2/icon.png">ActivateWindow(10025,&quot;plugin://plugin.video.youtube/playlist/PLIj84zT8vo2m5L0smmBpGcxz-T4W4hhPZ/&quot;,return)</favourite>
</favourites>