<favourites>
	<favourite name="[COLOR yellow][ Nederlandstalige Add-ons ][/COLOR]" thumb="special://home/addons/repository.kaosbox2/icon.png">SF_MANUAL_CMD_1</favourite>
	<favourite name="[COLOR red]- [/COLOR]Nederlandstalige Kinderfilms" thumb="special://home/addons/repository.kaosbox2/icon.png">ActivateWindow(10025,&quot;plugin://plugin.video.uzg/afleveringen/POMS_S_ZAPP_4733051/&quot;,return)</favourite>
	<favourite name="[COLOR red]- [/COLOR]KidsTime" thumb="special://home/addons/plugin.video.kidstime/icon.png">ActivateWindow(10025,&quot;plugin://plugin.video.kidstime&quot;,return)</favourite>
        <favourite name="[COLOR red]- [/COLOR]VPRO Jeugd" thumb="special://home/addons/plugin.video.vprojeugd/icon.png">ActivateWindow(10025,&quot;plugin://plugin.video.vprojeugd/&quot;,return)</favourite>
	<favourite name="[COLOR red]- [/COLOR]KinderTube" thumb="special://home/addons/plugin.video.kindertube/icon.png">ActivateWindow(10025,&quot;plugin://plugin.video.kindertube&quot;,return)</favourite>
	<favourite name="[COLOR red]- [/COLOR]Kinderen voor Kinderen" thumb="special://home/addons/plugin.video.kvk/icon.png">ActivateWindow(10025,&quot;plugin://plugin.video.kvk/&quot;,return)</favourite>
        <favourite name="[COLOR red]- [/COLOR]Nickelodeon" thumb="special://profile/addon_data/net.rieter.xot/textures/net.rieter.xot.channel.nick.nickelodeon/nickelodeonlarge.png">ActivateWindow(10025,&quot;plugin://net.rieter.xot/?action=listfolder&amp;channel=chn_nickelodeon&amp;channelcode=nickelodeon&quot;,return)</favourite>
        <favourite name="[COLOR red]- [/COLOR]Nick Jr." thumb="special://profile/addon_data/net.rieter.xot/textures/net.rieter.xot.channel.nick.nickjr/nickjrlarge.png">ActivateWindow(10025,&quot;plugin://net.rieter.xot/?action=listfolder&amp;channel=chn_nickjr&amp;channelcode=nickjrnl&quot;,return)</favourite>
        <favourite name="[COLOR red]- [/COLOR]Nick Jr. International" thumb="special://profile/addon_data/net.rieter.xot/textures/net.rieter.xot.channel.nick.nickjr/nickjrlarge.png">ActivateWindow(10025,&quot;plugin://net.rieter.xot/?action=listfolder&amp;channel=chn_nickjr&amp;channelcode=nickjrintl&quot;,return)</favourite>
    <favourite name="" thumb="">SF_MANUAL_CMD_2</favourite>
    <favourite name="[COLOR yellow][ Engelstalige Add-ons ][/COLOR]" thumb="special://home/addons/repository.kaosbox2/icon.png">SF_MANUAL_CMD_3</favourite>        
    <favourite name="[COLOR red]- [/COLOR]Bob Kids" thumb="http://norestrictions.club/norestrictions.club/blue/icons/Bob/bobkids.jpg">ActivateWindow(10025,&quot;plugin://plugin.video.bob/?action=directory&amp;content=0&amp;url=http%3a%2f%2fnorestrictions.club%2fnorestrictions.club%2fmain%2fkidsmain.xml&quot;,return)</favourite>
    <favourite name="[COLOR red]- [/COLOR]Kid's Movies" thumb="special://home/addons/plugin.video.kmER/icon.png">ActivateWindow(10025,&quot;plugin://plugin.video.kmER/&quot;,return)</favourite>
    <favourite name="[COLOR red]- [/COLOR]Binky TV" thumb="special://home/addons/plugin.video.binkytv/icon.png">ActivateWindow(10025,&quot;plugin://plugin.video.binkytv/&quot;,return)</favourite>
    <favourite name="[COLOR red]- [/COLOR]PBS Kids" thumb="special://home/addons/plugin.video.pbskids/icon.png">ActivateWindow(10025,&quot;plugin://plugin.video.pbskids/&quot;,return)</favourite>
    <favourite name="[COLOR red]- [/COLOR]Sprout" thumb="special://home/addons/plugin.video.sprout/icon.png">ActivateWindow(10025,&quot;plugin://plugin.video.sprout/&quot;,return)</favourite>

</favourites>