<favourites>
        <favourite name="[COLOR yellow][ Muziek Video ][/COLOR]" thumb="special://home/addons/repository.kaosbox2/icon.png" >SF_MANUAL_CMD_1</favourite>    
        <favourite name="[COLOR red]-[/COLOR] MediaMarkt Top40" thumb="https://lh6.ggpht.com/yAEnch7Ae2UWUFc5cjTsdl4CAAh8_hAW9c_34w1VbvjLuAqb54_LFEWJPsIfll1d5Qo4=w300">ActivateWindow(10025,&quot;plugin://plugin.video.KAOSboxMusic/?mode=249&amp;name=%5bCOLOR%20red%5d-%5b%2fCOLOR%5d%20MediaMarkt%20Top40&amp;url&quot;,return)</favourite>
        <favourite name="[COLOR red]-[/COLOR] KAOSboxMusic TV" thumb="special://home/addons/repository.kaosbox2/icon.png">ActivateWindow(10025,&quot;plugin://plugin.video.KAOSboxMusic/?mode=75&amp;name=%5bCOLOR%20red%5d-%5b%2fCOLOR%5d%20KAOSboxMusic%20TV&amp;url&quot;,return)</favourite>
	<favourite name="[COLOR red]- [/COLOR]Youtube Music" thumb="special://home/addons\plugin.video.spotitube/icon.png">ActivateWindow(10025,&quot;plugin://plugin.video.spotitube/?content_type=video&quot;,return)</favourite>
	<favourite name="[COLOR red]- [/COLOR]VEVO" thumb="special://home/addons/plugin.video.myvevo/icon.png">ActivateWindow(10025,&quot;plugin://plugin.video.myvevo/&quot;,return)</favourite>
	<favourite name="[COLOR red]- [/COLOR]Bob Music TV" 	thumb="http://norestrictions.club/norestrictions.club/blue/icons/Bob/MusicTV.jpg">ActivateWindow(10025,&quot;plugin://plugin.video.bob/?action=directory&amp;content=0&amp;url=http%3a%2f%2fnorestrictions.club%2fnorestrictions.club%2ftastreams%2ffiles%2fmusic%2fMusic%2520TV.xml&quot;,return)</favourite>
        <favourite name="[COLOR red]- [/COLOR]Concerts" thumb="http://matsbuilds.uk/turk/UKTurk/thumbs/new/Uk%20turk%20thumbnails%20concerts.jpg">ActivateWindow(10025,&quot;plugin://plugin.video.ukturk/?description&amp;fanart=special://home/addons/plugin.video.ukturk/fanart.jpg&amp;iconimage=http%3a%2f%2fmatsbuilds.uk%2fturk%2fUKTurk%2fthumbs%2fnew%2fUk%2520turk%2520thumbnails%2520concerts.jpg&amp;mode=1&amp;name=Concerts&amp;url=http%3a%2f%2fmatsbuilds.uk%2fturk%2fUKTurk%2fConcerts.txt&quot;,return)</favourite>
	<favourite name="[COLOR red]- [/COLOR]TopPop" thumb="special://home/addons/plugin.video.toppop/icon.png">ActivateWindow(10025,&quot;plugin://plugin.video.youtube/channel/UCxjzlr0hdKWfIwK2lY0SvEg/&quot;,return)</favourite>
	<favourite name="[COLOR red]- [/COLOR]Back to the 80s" thumb="special://home/addons/plugin.video.backtothe80s/icon.png">ActivateWindow(10025,&quot;plugin://plugin.video.backtothe80s/&quot;,return)</favourite>
	<favourite name="[COLOR red]- [/COLOR]80s Music Videos" thumb="special://home/addons/plugin.video.80smusicvideos/icon.png">ActivateWindow(10025,&quot;plugin://plugin.video.80smusicvideos/&quot;,return)</favourite>
</favourites>