<favourites>
        <favourite name="[COLOR yellow][ Muziek Audio ][/COLOR]" thumb="special://home/addons/repository.kaosbox2/icon.png" >SF_MANUAL_CMD_1</favourite>
        <favourite name="[COLOR red]- [/COLOR]AudioAddict [COLOR yellow](gratis account aanmaken via radiotunes.com of di.fm)[/COLOR]" thumb="special://home/addons/plugin.audio.addict/icon.png">ActivateWindow(10502,&quot;plugin://plugin.audio.addict/&quot;,return)</favourite>
	<favourite name="[COLOR red]- [/COLOR]Jango" thumb="special://home/addons\plugin.audio.jango\icon.png">ActivateWindow(10502,&quot;plugin://plugin.audio.jango/&quot;,return)</favourite>
	<favourite name="[COLOR red]- [/COLOR]Radio" thumb="special://home/addons\plugin.audio.radio_de\icon.png">ActivateWindow(10502,&quot;plugin://plugin.audio.radio_de/&quot;,return)</favourite>
	<favourite name="[COLOR red]- [/COLOR]SoundCloud" thumb="special://home/addons\plugin.audio.soundcloud\icon.png">ActivateWindow(10502,&quot;plugin://plugin.audio.soundcloud/&quot;,return)</favourite>
	<favourite name="[COLOR red]- [/COLOR]TuneIn Radio" thumb="special://home/addons\plugin.audio.tuneinradio\icon.png">ActivateWindow(10502,&quot;plugin://plugin.audio.tuneinradio/&quot;,return)</favourite>
</favourites>


