<favourites>
	<favourite name="[COLOR yellow][ Live Sport ][/COLOR]" thumb="">SF_MANUAL_CMD_1</favourite>
	<favourite name="[COLOR red]- [/COLOR]SportsDevil" thumb="special://home/addons\plugin.video.SportsDevil\icon.png">ActivateWindow(10025,&quot;plugin://plugin.video.SportsDevil/&quot;,return)</favourite>
<favourite name="[COLOR red]- [/COLOR]Bob Sports" thumb="http://norestrictions.club/norestrictions.club/blue/icons/Bob/Sports.jpg">ActivateWindow(10025,&quot;plugin://plugin.video.bob/?action=directory&amp;content=0&amp;url=http%3a%2f%2fnorestrictions.club%2fnorestrictions.club%2fmain%2flibatinten.xml&quot;,return)</favourite>
            <favourite name="[COLOR red]- [/COLOR]UK Turk Sports" thumb="http://addoncloud.org/ukturk/UKTurk/thumbs/new/Uk%20turk%20thumbnails%20sports.jpg">ActivateWindow(10025,&quot;plugin://plugin.video.ukturk/?description&amp;iconimage=http%3a%2f%2faddoncloud.org%2fukturk%2fUKTurk%2fthumbs%2fnew%2fUk%2520turk%2520thumbnails%2520sports.jpg&amp;mode=1&amp;name=Sports&amp;url=http%3a%2f%2faddoncloud.org%2fukturk%2fUKTurk%2fSportsList.txt&quot;,return)</favourite>
	<favourite name="" thumb="">SF_MANUAL_CMD_2</favourite>
	<favourite name="[COLOR yellow][ NPO Sport ][/COLOR]" thumb="">SF_MANUAL_CMD_2</favourite>
	<favourite name="[COLOR red]- [/COLOR]NOS Sportjournaal" thumb="http://mediadb.omroep.nl/assets/000/864/695.jpg">ActivateWindow(10025,&quot;plugin://plugin.video.uzg/afleveringen/7595/&quot;,return)</favourite>
	<favourite name="" thumb="">SF_MANUAL_CMD_6</favourite>
	<favourite name="[COLOR yellow][ Sport Add-ons ][/COLOR]" thumb="">SF_MANUAL_CMD_3</favourite>
	<favourite name="[COLOR red]- [/COLOR]Wrestling" thumb="special://home/addons/plugin.video.mdwww/icon.png">ActivateWindow(10025,&quot;plugin://plugin.video.mdwww/&quot;,return)</favourite>
	<favourite name="[COLOR red]- [/COLOR]MD Sports Extra" thumb="special://home/addons/plugin.video.mdsportsextra/icon.png">ActivateWindow(10025,&quot;plugin://plugin.video.mdsportsextra/&quot;,return)</favourite>
	<favourite name="[COLOR red]- [/COLOR]Doki Club TV" thumb="special://home/addons\plugin.video.clubtv\icon.png">ActivateWindow(10025,&quot;plugin://plugin.video.clubtv/&quot;,return)</favourite>
	<favourite name="[COLOR red]- [/COLOR]UFC Youtube" thumb="special://home/addons\plugin.video.youtube.ufc\icon.png">ActivateWindow(10025,&quot;plugin://plugin.video.youtube.ufc/&quot;,return)</favourite>
	<favourite name="[COLOR red]- [/COLOR]WWE Youtube" thumb="special://home/addons\plugin.video.youtube.wwe\icon.png">ActivateWindow(10025,&quot;plugin://plugin.video.youtube.wwe/&quot;,return)</favourite>
</favourites>