<favourites>
	<favourite name="[COLOR yellow][ NPO Live ][/COLOR]" thumb="special://home/addons/repository.kaosbox2/icon.png">SF_MANUAL_CMD_5</favourite>
	<favourite name="[COLOR red]- [/COLOR]NPO 1" thumb="special://home/addons/plugin.video.nederland24/resources/media\npo_1.png">PlayMedia(&quot;plugin://plugin.video.nederland24/?url=LI_NL1_4188102&amp;mode=playVideo&quot;)</favourite>
	<favourite name="[COLOR red]- [/COLOR]NPO 2" thumb="special://home/addons\plugin.video.nederland24\resources\media\npo_2.png">PlayMedia(&quot;plugin://plugin.video.nederland24/?url=LI_NL2_4188105&amp;mode=playVideo&quot;)</favourite>
	<favourite name="[COLOR red]- [/COLOR]NPO 3" thumb="special://home/addons\plugin.video.nederland24\resources\media\npo_3.png">PlayMedia(&quot;plugin://plugin.video.nederland24/?url=LI_NL3_4188107&amp;mode=playVideo&quot;)</favourite>
	<favourite name="[COLOR red]- [/COLOR]NPO 101" thumb="special://home/addons\plugin.video.nederland24\resources\media\npo_101.png">PlayMedia(&quot;plugin://plugin.video.nederland24/?url=LI_NEDERLAND3_221683&amp;mode=playVideo&quot;)</favourite>
	<favourite name="[COLOR red]- [/COLOR]NPO Cultura" thumb="special://home/addons\plugin.video.nederland24\resources\media\npo_cultura.png">PlayMedia(&quot;plugin://plugin.video.nederland24/?url=LI_NEDERLAND2_221679&amp;mode=playVideo&quot;)</favourite>
	<favourite name="[COLOR red]- [/COLOR]NPO Zapp Xtra" thumb="special://home/addons\plugin.video.nederland24\resources\media\npo_zapp.png">PlayMedia(&quot;plugin://plugin.video.nederland24/?url=LI_NEDERLAND3_221687&amp;mode=playVideo&quot;)</favourite>
	<favourite name="[COLOR red]- [/COLOR]NPO Nieuws" thumb="special://home/addons\plugin.video.nederland24\resources\media\npo_nieuws.png">PlayMedia(&quot;plugin://plugin.video.nederland24/?url=LI_NEDERLAND1_221673&amp;mode=playVideo&quot;)</favourite>
	<favourite name="[COLOR red]- [/COLOR]NPO Politiek" thumb="special://home/addons\plugin.video.nederland24\resources\media\npo_politiek.png">PlayMedia(&quot;plugin://plugin.video.nederland24/?url=LI_NEDERLAND1_221675&amp;mode=playVideo&quot;)</favourite>
       <favourite name="[COLOR red]- [/COLOR]Live TV (Buitenland)" thumb="http://matsbuilds.uk/turk/UKTurk/thumbs/new/Uk%20turk%20thumbnails%20live%20tv.jpg">ActivateWindow(10025,&quot;plugin://plugin.video.ukturk/?description&amp;fanart=special://home/addons/plugin.video.ukturk/fanart.jpg&amp;iconimage=http%3a%2f%2fmatsbuilds.uk%2fturk%2fUKTurk%2fthumbs%2fnew%2fUk%2520turk%2520thumbnails%2520live%2520tv.jpg&amp;mode=1&amp;name=Live%20TV&amp;url=http%3a%2f%2fmatsbuilds.uk%2fturk%2fUKTurk%2fLive%2520TV.txt&quot;,return)</favourite>
	<favourite name="[COLOR yellow][/COLOR]" thumb="">SF_MANUAL_CMD_6</favourite>
	<favourite name="[COLOR yellow][ VRT Live Streams ][/COLOR]" thumb="special://home/addons/repository.kaosbox2/icon.png">ActivateWindow(10025,&quot;plugin://plugin.video.vrt.livestreams/?content_type=video&quot;,return)</favourite>
	<favourite name="[COLOR red]- [/COLOR]Eén" thumb="https://cache02.ps.yelo.prd.telenet-ops.be/yposter/images/channellogos/sqlogo_MM24E.png">PlayMedia(&quot;http://live.stream.vrt.be/vrt_video1_live/smil:vrt_video1_live.smil/playlist.m3u8&quot;)</favourite>
	<favourite name="[COLOR red]- [/COLOR]Canvas" thumb="https://cache03.ps.yelo.prd.telenet-ops.be/yposter/images/channellogos/sqlogo_MM24F.png">PlayMedia(&quot;http://live.stream.vrt.be/vrt_video2_live/smil:vrt_video2_live.smil/playlist.m3u8&quot;)</favourite>
	<favourite name="[COLOR red]- [/COLOR]Ketnet" thumb="http://images.vrt.be/orig/2016/05/29/419b3f11-2585-11e6-8682-00163edf843f.png">PlayMedia(&quot;http://live.stream.vrt.be/vrt_events3_live/smil:vrt_events3_live.smil/playlist.m3u8&quot;)</favourite>
	<favourite name="[COLOR red]- [/COLOR]VRT Nieuws" thumb="http://images.vrt.be/orig/2016/05/29/8b20f674-2585-11e6-8682-00163edf843f.png">PlayMedia(&quot;http://live.stream.vrt.be/vrt_journaal_live/stream1296/playlist.m3u8&quot;)</favourite>
	<favourite name="[COLOR red]- [/COLOR]Studio Brussel Livestream" thumb="http://images.vrt.be/orig/2016/05/27/65b13069-2430-11e6-8682-00163edf843f.png">PlayMedia(&quot;http://live.stream.vrt.be/vrt_stubru_live/smil:vrt_stubru_live.smil/playlist.m3u8&quot;)</favourite>
	<favourite name="[COLOR red]- [/COLOR]MNM Livestream" thumb="http://images.vrt.be/orig/2016/05/27/8004d7fb-2430-11e6-8682-00163edf843f.png">PlayMedia(&quot;http://live.stream.vrt.be/vrt_mnm_live/stream1296/playlist.m3u8&quot;)</favourite>
	<favourite name="[COLOR yellow][/COLOR]" thumb="">SF_MANUAL_CMD_3</favourite>
	<favourite name="[COLOR yellow][ Uitzendinggemist ][/COLOR]" thumb="special://home/addons/repository.kaosbox2/icon.png">SF_MANUAL_CMD_1</favourite>
	<favourite name="[COLOR red]- [/COLOR]Uitzendinggemist (NPO.nl)" thumb="special://profile/addon_data/net.rieter.xot/textures/net.rieter.xot.channel.nos.nos2010/npolarge.png">ActivateWindow(10025,&quot;plugin://net.rieter.xot/?action=listfolder&amp;channel=chn_nos2010&amp;channelcode=uzgjson&quot;,return)</favourite>
	<favourite name="[COLOR red]- [/COLOR]RTL XL (RTL 4,5,7 &amp; 8)" thumb="special://profile/addon_data/net.rieter.xot/textures/net.rieter.xot.channel.rtlnl.rtl/rtl.png">ActivateWindow(10025,&quot;plugin://net.rieter.xot/?action=listfolder&amp;channel=chn_rtl&quot;,return)</favourite>
	<favourite name="[COLOR red]- [/COLOR]Net 5" thumb="special://profile/addon_data/net.rieter.xot/textures/net.rieter.xot.channel.sbsnl.kijknl/net5large.png">ActivateWindow(10025,&quot;plugin://net.rieter.xot/?action=listfolder&amp;channel=chn_kijknl&amp;channelcode=net5&quot;,return)</favourite>
	<favourite name="[COLOR red]- [/COLOR]SBS 6" thumb="special://profile/addon_data/net.rieter.xot/textures/net.rieter.xot.channel.sbsnl.kijknl/sbs6large.png">ActivateWindow(10025,&quot;plugin://net.rieter.xot/?action=listfolder&amp;channel=chn_kijknl&amp;channelcode=sbs&quot;,return)</favourite>
	<favourite name="[COLOR red]- [/COLOR]SBS 9" thumb="special://profile/addon_data/net.rieter.xot/textures/net.rieter.xot.channel.sbsnl.kijknl/sbs9large.png">ActivateWindow(10025,&quot;plugin://net.rieter.xot/?action=listfolder&amp;channel=chn_kijknl&amp;channelcode=sbs9&quot;,return)</favourite>
	<favourite name="[COLOR red]- [/COLOR]Veronica" thumb="special://profile/addon_data/net.rieter.xot/textures/net.rieter.xot.channel.sbsnl.kijknl/veronicalarge.png">ActivateWindow(10025,&quot;plugin://net.rieter.xot/?action=listfolder&amp;channel=chn_kijknl&amp;channelcode=veronica&quot;,return)</favourite>
	<favourite name="[COLOR red]- [/COLOR]NTR: School TV" thumb="special://profile/addon_data/net.rieter.xot/textures/net.rieter.xot.channel.nos.schooltv/schooltvlarge.png">ActivateWindow(10025,&quot;plugin://net.rieter.xot/?action=listfolder&amp;channel=chn_schooltv&amp;channelcode=schooltv&quot;,return)</favourite>
	<favourite name="[COLOR red]- [/COLOR]NOS.nl" thumb="special://profile/addon_data/net.rieter.xot/textures/net.rieter.xot.channel.nos.nosnl/nosnllarge.png">ActivateWindow(10025,&quot;plugin://net.rieter.xot/?action=listfolder&amp;channel=chn_nosnl&amp;channelcode=nosnl&quot;,return)</favourite>
	<favourite name="[COLOR red]- [/COLOR]Regionaal TV" thumb="special://home/addons/net.rieter.xot/icon.png">ActivateWindow(10025,&quot;plugin://net.rieter.xot/?action=listcategory&amp;category=Regional&quot;,return)</favourite>
	<favourite name="[COLOR yellow][/COLOR]" thumb="">SF_MANUAL_CMD_9</favourite>
	<favourite name="[COLOR yellow][ Uitzendinggemist België ][/COLOR]" thumb="special://home/addons/repository.kaosbox2/icon.png">SF_MANUAL_CMD_4</favourite>
	<favourite name="[COLOR red]- [/COLOR]Eén" thumb="special://profile/addon_data/net.rieter.xot/textures/net.rieter.xot.channel.be.een/eenlarge.png">ActivateWindow(10025,&quot;plugin://net.rieter.xot/?action=listfolder&amp;channel=chn_een&quot;,return)</favourite>
    <favourite name="[COLOR red]- [/COLOR]Vier" thumb="special://profile/addon_data/net.rieter.xot/textures/net.rieter.xot.channel.be.vier/viericon.png">ActivateWindow(10025,&quot;plugin://net.rieter.xot/?action=listfolder&amp;channel=chn_vier&quot;,return)</favourite>
    <favourite name="[COLOR red]- [/COLOR]Vijf" thumb="special://profile/addon_data/net.rieter.xot/textures/net.rieter.xot.channel.be.vier/vijficon.png">ActivateWindow(10025,&quot;plugin://net.rieter.xot/?action=listfolder&amp;channel=chn_vier&amp;channelcode=vijfbe&quot;,return)</favourite>
    <favourite name="[COLOR red]- [/COLOR]De Redactie" thumb="special://profile/addon_data/net.rieter.xot/textures/net.rieter.xot.channel.be.vrtnew/redactielarge.png">ActivateWindow(10025,&quot;plugin://net.rieter.xot/?action=listfolder&amp;channel=chn_vrtnew&amp;channelcode=redactie&quot;,return)</favourite>
    <favourite name="[COLOR red]- [/COLOR]VTM.be" thumb="special://profile/addon_data/net.rieter.xot/textures/net.rieter.xot.channel.be.vtmbe/vtmbelogo.png">ActivateWindow(10025,&quot;plugin://net.rieter.xot/?action=listfolder&amp;channel=chn_vtmbe&amp;channelcode=vtm&quot;,return)</favourite>
    <favourite name="[COLOR red]- [/COLOR]Q2.be" thumb="special://profile/addon_data/net.rieter.xot/textures/net.rieter.xot.channel.be.vtmbe/q2belogo.png">ActivateWindow(10025,&quot;plugin://net.rieter.xot/?action=listfolder&amp;channel=chn_vtmbe&amp;channelcode=q2&quot;,return)</favourite>
    <favourite name="[COLOR red]- [/COLOR]VRT NU" thumb="special://profile/addon_data/net.rieter.xot/textures/net.rieter.xot.channel.be.vrtnu/vrtnuicon.png">ActivateWindow(10025,&quot;plugin://net.rieter.xot/?action=listfolder&amp;channel=chn_vrtnu&amp;channelcode=vrtnu&quot;,return)</favourite>
    <favourite name="[COLOR red]- [/COLOR]VTM Nieuws" thumb="special://profile/addon_data/net.rieter.xot/textures/net.rieter.xot.channel.be.vtm/vtmlarge.png">ActivateWindow(10025,&quot;plugin://net.rieter.xot/?action=listfolder&amp;channel=chn_vtm&amp;channelcode=vtmnieuws&quot;,return)</favourite>
    <favourite name="[COLOR red]- [/COLOR]Ketnet" thumb="special://profile/addon_data/net.rieter.xot/textures/net.rieter.xot.channel.be.ketnet/ketnetlarge.png">ActivateWindow(10025,&quot;plugin://net.rieter.xot/?action=listfolder&amp;channel=chn_ketnet&amp;channelcode=ketnet&quot;,return)</favourite>
    <favourite name="[COLOR red]- [/COLOR]Sporza" thumb="special://profile/addon_data/net.rieter.xot/textures/net.rieter.xot.channel.be.sporza/sporzalarge.png">ActivateWindow(10025,&quot;plugin://net.rieter.xot/?action=listfolder&amp;channel=chn_sporza&amp;channelcode=sporza&quot;,return)</favourite>
    <favourite name="[COLOR red]- [/COLOR]RTBF" thumb="special://profile/addon_data/net.rieter.xot/textures/net.rieter.xot.channel.be.rtbf/rtbficon.png">ActivateWindow(10025,&quot;plugin://net.rieter.xot/?action=listfolder&amp;channel=chn_rtbf&quot;,return)</favourite>
</favourites>