<?xml version="1.0" encoding="UTF-8" standalone="yes"?>
<addon id="script.xvbmc.upper" name=" [COLOR lime][B]X[/B][/COLOR]vBMC OpenELEC/Kodi Upgrader" version="2.4.0315" provider-name="EPiC XvBMC NL">
  <requires>
    <import addon="xbmc.python" version="2.14.0"/>
    <import addon="script.module.simplejson" version="2.0.10"/>
	<import addon="script.schoonmaak" optional="true" />
	<import addon="script.xvbmc.update" optional="true" />
	<import addon="repository.xvbmc" version="3.0.1"/>
	<import addon="os.openelec.tv" />
  </requires>
   <extension point="xbmc.python.script" library="XvBMC.py">
   <provides>executable</provides>
  </extension>
  <extension point="xbmc.addon.metadata">
    <summary lang="en">XvBMC OpenELEC/Kodi Upgrader (#0315)</summary>
    <description lang="en">XvBMC 'Universal' OpenELEC/Kodi Upgrader (Milhouse beta builds *bump* #0315)</description>
	<disclaimer lang="en">!!! USE AT YOUR OWN RISK !!!</disclaimer>
	<platform>all</platform>
	<license>GNU GENERAL PUBLIC LICENSE. Version 3, June 2007</license>
	<forum>https://www.fb.com/groups/XvBMCnederland/</forum>
	<website>https://www.fb.com/groups/XvBMCnederland/</website>
	<source>https://www.facebook.com/groups/XbmcVoorBeginnersRaspberryPi/</source>
  </extension>
</addon>
