<?xml version="1.0" encoding="UTF-8" standalone="yes"?>
<addon id="plugin.video.Allesin1NL!"
	   name="Alles in 1 NL"
	   version="1.0.4x"
       provider-name="XvBMC">
  <requires>
    <import addon="repository.xvbmc" version="4.0.1"/>
    <import addon="xbmc.python" version="2.1.0"/>
    <import addon="script.module.addon.common" version="2.0.0"/>
    <import addon="plugin.video.youtube" version="5.3.8x"/>
  </requires>
  <extension point="xbmc.python.pluginsource" library="default.py">
    <provides>video</provides>
  </extension>
  <extension point="xbmc.addon.metadata">
    <summary lang="en">diverse (nl) streams</summary>
    <description lang="en">Diverse youtube Streams muziek, NL series/films/docu's, Nl kids, NL Cabaret, XvBMC handleidingen, Vlaams, Nl sport, .:C.T.R.L:. Gaming Room, Cirque Du Soleil, Nl racing, DanceTrippin TV, Van Alles Wat NL, Muziek uit Limburg. Door en Voor de XvBMC community, Heb je zelf een Youtube stream gespot die hier wel in zou passen, meld het ons dan even op onze FB pagina Films/series/muziek chat by XvBMC Nederland© (xbmc nl Dutch)</description>
	<disclaimer lang="en">Alles-in-1-NL more info @ http://bit.ly/XvBMC-NL</disclaimer>
    <platform>all</platform>
    <license>GNU GENERAL PUBLIC LICENSE. Version 3, June 2007</license>
    <forum>https://www.fb.com/groups/XvBMCnederland/</forum>
    <website>http://bit.ly/XvBMC-NL</website>
    <source>https://www.facebook.com/groups/XvBMCnederland/</source>
  </extension>
</addon>
