<favourites>
	<favourite name="[COLOR red]DecadoDocs[/COLOR]" thumb="special://home/addons/plugin.video.DecadoDocs/icon.png">ActivateWindow(10025,&quot;plugin://plugin.video.DecadoDocs?sf_options=fanart%3Dspecial%3A%2F%2Fhome%2Faddons%2Fplugin.video.DecadoDocs%2Ffanart.jpg%26_options_sf&quot;,return)</favourite>
	<favourite name="[COLOR red]Smithsonian[/COLOR]" thumb="special://home/addons/plugin.video.smithsonian/icon.png">ActivateWindow(10025,&quot;plugin://plugin.video.smithsonian?sf_options=fanart%3Dspecial%3A%2F%2Fhome%2Faddons%2Fplugin.video.smithsonian%2Ffanart.jpg%26desc%3DPlay+1080+HD+videos+from+the+Smithsonian+Channel.%26_options_sf&quot;,return)</favourite>
	<favourite name="[COLOR red]UK Turks[/COLOR]" thumb="http://metalkettle.co/UKTurk18022016/thumbs/new/Uk%20turk%20thumbnails%20documentaries.jpg">ActivateWindow(10025,&quot;plugin://plugin.video.ukturk/?description&amp;iconimage=http%3a%2f%2fmetalkettle.co%2fUKTurk18022016%2fthumbs%2fnew%2fUk%2520turk%2520thumbnails%2520documentaries.jpg&amp;mode=1&amp;name=Documentaries&amp;url=http%3a%2f%2fmetalkettle.co%2fUKTurk18022016%2fdocs%2fIndex.txt&amp;sf_options=fanart%3Dspecial%3A%2F%2Fhome%2Faddons%2Fplugin.video.ukturk%2Ffanart.jpg%26_options_sf&quot;,return)</favourite>
	<favourite name="[COLOR red]Titan Hifi[/COLOR]" thumb="special://home/addons/plugin.video.titan/art/hifi.png">ActivateWindow(10025,&quot;plugin://plugin.video.titan/?description&amp;iconimage=%2fstorage%2f.kodi%2faddons%2fplugin.video.titan%2fart%2fhifi.png&amp;mode=5&amp;name=Documentary&amp;url=https%3a%2f%2farchive.org%2fdownload%2fhifimoviesdocs%2fhifidocs.xml%0d&quot;,return)</favourite>
	<favourite name="[COLOR red]Titan The Midnight Society[/COLOR]" thumb="http://s2.postimg.org/gfsw9ahux/doc.png">ActivateWindow(10025,&quot;plugin://plugin.video.titan/?description&amp;iconimage=http%3a%2f%2fs2.postimg.org%2fgfsw9ahux%2fdoc.png&amp;mode=30&amp;name=%5bCOLOR%20FFA4C639%5dDocumentary%27s%5b%2fCOLOR%5d&amp;url=http%3a%2f%2fpastebin.com%2fraw.php%3fi%3dzk30gQKy&quot;,return)</favourite>
	<favourite name="[COLOR red]Fubar[/COLOR]" thumb="special://home/addons/plugin.video.mdfubar/resources/art/da.png">ActivateWindow(10025,&quot;plugin://plugin.video.mdfubar/?description&amp;iconimage=%2fstorage%2f.kodi%2faddons%2fplugin.video.mdfubar%2fresources%2fart%2fda.png&amp;mode=350&amp;name=%5bCOLOR%20cyan%5dDocumentaryAddict%5b%2fCOLOR%5d&amp;url=http%3a%2f%2fdocumentaryaddict.com&amp;sf_options=fanart%3Dspecial%3A%2F%2Fhome%2Faddons%2Fplugin.video.mdfubar%2Fresources%2Fart%2Ff1.jpg%26_options_sf&quot;,return)</favourite>
	<favourite name="[COLOR red]Movie vault[/COLOR]" thumb="special://home/addons/plugin.video.mdmovievault/icon.png">ActivateWindow(10025,&quot;plugin://plugin.video.mdmovievault/?description&amp;iconimage=%2fstorage%2f.kodi%2faddons%2fplugin.video.mdmovievault%2ficon.png&amp;mode=1&amp;name=%5bB%5d%5bCOLOR%20ivory%5dDocumentary%5b%2fCOLOR%5d%5b%2fB%5d&amp;url=http%3a%2f%2ffmovie.co%2fdocumentary_movies&amp;sf_options=fanart%3Dspecial%3A%2F%2Fhome%2Faddons%2Fplugin.video.mdmovievault%2Ffanart.jpg%26_options_sf&quot;,return)</favourite>
	<favourite name="[COLOR red]Phoenix[/COLOR]" thumb="http://s28.postimg.org/op4gqc0ot/Documentaries.jpg">ActivateWindow(10025,&quot;plugin://plugin.video.phstreams/?action=directory&amp;url=http%3a%2f%2fone242415.offshorepastebin.com%2fMisc%2fdocs.xml&amp;sf_options=fanart%3Dhttps%3A%2F%2Fi.imgsafe.org%2F25a45ee.jpg%26_options_sf&quot;,return)</favourite>
	<favourite name="[COLOR red]Phoenix 2[/COLOR]" thumb="http://s6.postimg.org/hn4iiiz9d/Docs.png">ActivateWindow(10025,&quot;plugin://plugin.video.phstreams/?action=directory&amp;url=http%3a%2f%2ftnpb.offshorepastebin.com%2fDirectories%2fMain%2520Directory%2fDocs%2520Main.xml&amp;sf_options=fanart%3Dhttp%3A%2F%2Fs6.postimg.org%2F4ph8mo5q9%2FBackdrop.png%26_options_sf&quot;,return)</favourite>
	<favourite name="[COLOR red]Goliath[/COLOR]" thumb="http://www.matsbuilds.co.uk/pics/goliath/icons/doc.png">ActivateWindow(10025,&quot;plugin://plugin.video.Evolve/?description&amp;fanart=http%3a%2f%2fwww.matsbuilds.co.uk%2fpics%2fgoliath%2ficons%2fdoc.png&amp;mode=1&amp;name=%5bB%5d%5bCOLOR%20red%5dD%5b%2fCOLOR%5d%5bCOLOR%20white%5documentaries%5b%2fCOLOR%5d%5b%2fB%5d&amp;url=http%3a%2f%2fpastebin.com%2fraw%2fbAd5cCRm&amp;sf_options=fanart%3Dhttp%3A%2F%2Fwww.matsbuilds.co.uk%2Fpics%2Fgoliath%2Ficons%2Fdoc.png%26_options_sf&quot;,return)</favourite>
	<favourite name="[COLOR red]Evolve History[/COLOR]" thumb="http://s4.thingpic.com/images/g4/gGSC2Me8rGTS4bQ4Qf4RAYP6.jpeg">ActivateWindow(10025,&quot;plugin://plugin.video.Evolve/?description&amp;fanart=http%3a%2f%2fs4.thingpic.com%2fimages%2fg4%2fgGSC2Me8rGTS4bQ4Qf4RAYP6.jpeg&amp;mode=1&amp;name=%5bB%5d%5bCOLOR%20red%5dMOMENTS%20IN%5b%2fCOLOR%5d%20%5bCOLOR%20white%5dHISTORY%5b%2fCOLOR%5d%5b%2fB%5d%20&amp;url=http%3a%2f%2fmatsbuilds.co.uk%2frambo%2fEVOLVE%2fMOMENTS%2520IN%2520HISTORY.xml&amp;sf_options=fanart%3Dhttp%3A%2F%2Fs4.thingpic.com%2Fimages%2Fg4%2FgGSC2Me8rGTS4bQ4Qf4RAYP6.jpeg%26_options_sf&quot;,return)</favourite>
	<favourite name="[COLOR red]Evolve[/COLOR]" thumb="http://i.imgur.com/mzVy5np.png">ActivateWindow(10025,&quot;plugin://plugin.video.Evolve/?description&amp;fanart=http%3a%2f%2fi.imgur.com%2fOgd1Uxf.png&amp;mode=1&amp;name=Documentaries&amp;url=http%3a%2f%2fpastebin.com%2fraw%2fEgx0i51Z&amp;sf_options=fanart%3Dhttp%3A%2F%2Fi.imgur.com%2FOgd1Uxf.png%26_options_sf&quot;,return)</favourite>
	<favourite name="[COLOR red]Docus[/COLOR]" thumb="http://143.176.207.110:32400/photo/:/transcode?url=http%3A%2F%2Flocalhost%3A32400%2F%3A%2Fresources%2Fshow.png&amp;width=720&amp;height=720 | X-Plex-Platform=KODI&amp;X-Plex-Client-Platform=KODI&amp;X-Plex-Device-Name=My%20PleXBMC%20Client&amp;X-Plex-Provides=player&amp;X-Plex-Model=unknown&amp;X-Plex-Platform-Version=Linux/RPi&amp;X-Plex-Client-Identifier=409751cb-e21b-4e86-ad6f-e360d23010ef&amp;X-Plex-Device=PleXBMC&amp;X-Plex-Product=PleXBMC&amp;X-Plex-Language=en&amp;X-Plex-Version=1.0.1">ActivateWindow(10025,&quot;plugin://plugin.video.multi-plex/?mode=0&amp;url=http%3a%2f%2f143.176.207.110%3a32400%2flibrary%2fsections%2f3%2fall&quot;,return)</favourite>
	<favourite name="[COLOR red]Planet Earth Season 1[/COLOR]" thumb="http://217.211.135.15:32400/photo/:/transcode?url=http%3A%2F%2Flocalhost%3A32400%2Flibrary%2Fmetadata%2F21078%2Fthumb%2F1392563430&amp;width=720&amp;height=720 | X-Plex-Platform=KODI&amp;X-Plex-Client-Platform=KODI&amp;X-Plex-Device-Name=My%20PleXBMC%20Client&amp;X-Plex-Provides=player&amp;X-Plex-Model=unknown&amp;X-Plex-Platform-Version=Linux/RPi&amp;X-Plex-Client-Identifier=409751cb-e21b-4e86-ad6f-e360d23010ef&amp;X-Plex-Device=PleXBMC&amp;X-Plex-Product=PleXBMC&amp;X-Plex-Language=en&amp;X-Plex-Version=1.0.1">ActivateWindow(10025,&quot;plugin://plugin.video.multi-plex/?mode=6&amp;url=http%3a%2f%2f217.211.135.15%3a32400%2flibrary%2fmetadata%2f21078%2fchildren&quot;,return)</favourite>
	<favourite name="[COLOR red]National Geographic Documentaries[/COLOR]" thumb="http://83.82.10.63:32400/photo/:/transcode?url=http%3A%2F%2Flocalhost%3A32400%2Flibrary%2Fmetadata%2F547%2Fthumb%2F1461396979&amp;width=720&amp;height=720 | X-Plex-Platform=KODI&amp;X-Plex-Client-Platform=KODI&amp;X-Plex-Device-Name=My%20PleXBMC%20Client&amp;X-Plex-Provides=player&amp;X-Plex-Model=unknown&amp;X-Plex-Platform-Version=Linux/RPi&amp;X-Plex-Client-Identifier=409751cb-e21b-4e86-ad6f-e360d23010ef&amp;X-Plex-Device=PleXBMC&amp;X-Plex-Product=PleXBMC&amp;X-Plex-Language=en&amp;X-Plex-Version=1.0.1">ActivateWindow(10025,&quot;plugin://plugin.video.multi-plex/?mode=4&amp;url=http%3a%2f%2f83.82.10.63%3a32400%2flibrary%2fmetadata%2f547%2fchildren&quot;,return)</favourite>
	<favourite name="[COLOR red]Frozen Planet Season 1[/COLOR]" thumb="http://217.211.135.15:32400/photo/:/transcode?url=http%3A%2F%2Flocalhost%3A32400%2Flibrary%2Fmetadata%2F7369%2Fthumb%2F1333908806&amp;width=720&amp;height=720 | X-Plex-Platform=KODI&amp;X-Plex-Client-Platform=KODI&amp;X-Plex-Device-Name=My%20PleXBMC%20Client&amp;X-Plex-Provides=player&amp;X-Plex-Model=unknown&amp;X-Plex-Platform-Version=Linux/RPi&amp;X-Plex-Client-Identifier=409751cb-e21b-4e86-ad6f-e360d23010ef&amp;X-Plex-Device=PleXBMC&amp;X-Plex-Product=PleXBMC&amp;X-Plex-Language=en&amp;X-Plex-Version=1.0.1">ActivateWindow(10025,&quot;plugin://plugin.video.multi-plex/?mode=6&amp;url=http%3a%2f%2f217.211.135.15%3a32400%2flibrary%2fmetadata%2f7369%2fchildren&quot;,return)</favourite>
	<favourite name="Documentary Films 0120" thumb="">ActivateWindow(10025,&quot;plugin://plugin.video.multi-plex/?mode=0&amp;url=http%3a%2f%2f73.239.60.120%3a32400%2flibrary%2fsections%2f5%2fall&quot;,return)</favourite>
	<favourite name="Documentary Shows 0120" thumb="">ActivateWindow(10025,&quot;plugin://plugin.video.multi-plex/?mode=0&amp;url=http%3a%2f%2f73.239.60.120%3a32400%2flibrary%2fsections%2f6%2fall&quot;,return)</favourite>
	<favourite name="Featherence Docu" thumb="special://home/addons/plugin.video.featherence.docu/icon.png">ActivateWindow(10025,&quot;plugin://plugin.video.featherence.docu/?sf_options=fanart%3Dspecial%3A%2F%2Fhome%2Faddons%2Fplugin.video.featherence.docu%2Ffanart.jpg%26meta%3Dcastandrole%253D%25255B%25255D%2526label%253DFeatherence%252BDocu%26desc%3DFeatures%3A%0A-+Customized+Menus%3A+Support+customized+Fanart+for+each+button.%0A-+Favourite+Items%3A+Add+any+valid+existed+item+to+My+Kids+button.%0A-+My+Docu%3A+Create+your+own+buttons+by+feeding+links+from+YouTube.%0A++You+may+also+add+your+own+title%2C+description%2C+poster%2C+fanart+and+even+share+it+with+others.%0A-+Random+Play%3A+Auto+play+any+visible+button+in+a+random+super+long+playlist.%0A-+Sorting%3A+Sorted+and+Organized+contents+by+ages%2C+languages+specific+sorting+are+included.%0A-+Smart+TV+Mode%3A+Auto+play+current+button+contents+as+a+40+items+playlist%2C+random+is+optional.%0A-+Varied+and+unlimited+contents%3A+Support+unlimited+URLs+per+content+from+varied+sources+such+as+Youtube%2C+Dailymotion%2C+Dropbox%2C+Kodi%27s+addons%2C+supported+websites..%0A-+YouTube+search%3A+Search+any+contents+from+YouTube%2C+history+included.%26_options_sf&quot;,return)</favourite>
</favourites>