<?xml version="1.0" encoding="UTF-8"?>
<addon
  id="plugin.video.SportsDevilNL"
  version="2016.06.07.NL"
  name="SportsDevilNL XvBMC"
  provider-name="Hubbab3, Jairox, Sattekop, EPiC XvBMC, MaxMustermann, Al101">
  <requires>
   <import addon="xbmc.python" version="2.14.0"/>
   <import addon="repository.xvbmc" version="3.0.1"/>
   <import addon="script.module.simplejson" />
   <import addon="script.module.six" />
   <import addon="script.module.requests" />
   <import addon="script.module.livestreamer" />
   <import addon="script.module.pydevd" version="4.4.0" optional="true"/>
  </requires>
  <extension 
    point="xbmc.python.pluginsource"
    library="default.py">
   <provides>video</provides>
  </extension>
  <extension point="xbmc.addon.metadata">
    <summary>Play videos of different sports streaming sites (+NL-sausje +XvBMC-versionnr.)</summary>
    <description>Play videos of different sports streaming sites (Credits -2- Hubbab3 +NL-sausje +XvBMC-NL_versionnr.)</description>
    <license>GNU GENERAL PUBLIC LICENSE. Version 2, June 1991</license>
    <platform>all</platform>
  </extension>
</addon>
