<?xml version="1.0" encoding="UTF-8" standalone="yes"?>
<addon id="plugin.video.relax"
	name="Relax"
	version="1.0.3"
	provider-name="XvBMC">
  <requires>
    <import addon="repository.xvbmc" version="4.0.1"/>
    <import addon="xbmc.python" version="2.1.0"/>
    <import addon="script.module.addon.common" version="2.0.0"/>
    <import addon="plugin.video.youtube" version="5.3.8x"/>
  </requires>
  <extension point="xbmc.python.pluginsource" library="default.py">
    <provides>video</provides>
  </extension>
  <extension point="xbmc.addon.metadata">
    <summary lang="en">Xvbmc Relax collectie</summary>
    <description lang="en">Ontspan</description>
    <platform>all</platform>
  </extension>
</addon>
