<?xml version="1.0" encoding="UTF-8" standalone="yes"?>
<addon id="plugin.video.nlplks" name="NL Shizzle" version="1.0.7" provider-name="Prometheus">
  <requires>
    <import addon="xbmc.python" version="2.1.0"/>
    <import addon="script.module.urlresolver"  version="3.0.12"/>
    <import addon="script.module.metahandler" version="2.5.1"/>
  </requires>
  <extension point="xbmc.python.pluginsource" library="default.py">
    <provides>video</provides>
  </extension>
  <extension point="xbmc.addon.metadata">
    <summary lang="en"></summary>
    <description lang="en"></description>
    <disclaimer lang="en"></disclaimer>
    <language>en</language>
    <platform>all</platform>
    <website></website>
    <email></email>
  </extension>
</addon>
