<?xml version='1.0' encoding='UTF-8'?>
<shortcuts>
	<shortcut>
		<defaultID />
		<label>Popcorn-Time</label>
		<label2>Custom item</label2>
		<icon>DefaultShortcut.png</icon>
		<thumb />
		<action>ActivateWindow(VideoLibrary,"plugin://plugin.video.popcorn-time",return)</action>
	</shortcut>
	<shortcut>
		<defaultID />
		<label>TV Library</label>
		<label2>Custom item</label2>
		<icon>DefaultShortcut.png</icon>
		<thumb />
		<action>ActivateWindow(VideoLibrary,special://profile/addon_data/script.skinshortcuts/15.xsp,return)</action>
	</shortcut>
	<shortcut>
		<defaultID />
		<label>Movie Library</label>
		<label2>Custom item</label2>
		<icon>DefaultShortcut.png</icon>
		<thumb />
		<action>ActivateWindow(VideoLibrary,special://profile/addon_data/script.skinshortcuts/14.xsp,return)</action>
	</shortcut>
	<shortcut>
		<defaultID />
		<label>TV Shows</label>
		<label2>Custom item</label2>
		<icon>DefaultShortcut.png</icon>
		<thumb />
		<action>ActivateWindow(VideoLibrary,"plugin://plugin.video.quasar/shows/",return)</action>
	</shortcut>
	<shortcut>
		<defaultID />
		<label>Movies</label>
		<label2>Custom item</label2>
		<icon>DefaultShortcut.png</icon>
		<thumb />
		<action>ActivateWindow(VideoLibrary,"plugin://plugin.video.quasar/movies/",return)</action>
	</shortcut>
	<shortcut>
		<defaultID />
		<label>NL Viewer</label>
		<label2>Custom item</label2>
		<icon>DefaultShortcut.png</icon>
		<thumb />
		<action>ActivateWindow(VideoLibrary,"plugin://plugin.video.nl-viewer2",return)</action>
	</shortcut>
</shortcuts>
