<favourites>
	<favourite name="[COLOR red]Pulse Music[/COLOR]" thumb="special://home/addons/plugin.video.pulsemusic/icon.png">ActivateWindow(10025,&quot;plugin://plugin.video.pulsemusic/?sf_options=fanart%3Dspecial%3A%2F%2Fhome%2Faddons%2Fplugin.video.pulsemusic%2Ffanart.jpg%26desc%3Dpulse+music+videos+FOLLOW+US+ON+TWITTER+%40pulsemediahubuk.%26_options_sf&quot;,return)</favourite>
	<favourite name="[COLOR red]Dutch Music[/COLOR]" thumb="special://home/addons/plugin.video.DutchMusic/icon.png">ActivateWindow(10025,&quot;plugin://plugin.video.DutchMusic/?content_type=video&amp;sf_options=desc%3DAdd-on+met+Nederlandstalige+muziek.%26_options_sf&quot;,return)</favourite>
	<favourite name="[COLOR red]Vevo Live[/COLOR]" thumb="special://home/addons/plugin.video.myvevo/resources/media/live.png">ActivateWindow(10025,&quot;plugin://plugin.video.myvevo/?mode=GD&amp;url=https%3a%2f%2fapiv2.vevo.com%2fvideos%3fpage%3d1%26size%3d25%26islive%3dtrue%26sort%3dMostRecent%26token%3d%25s&amp;sf_options=fanart%3Dspecial%3A%2F%2Fhome%2Faddons%2Fplugin.video.myvevo%2Ffanart.jpg%26_options_sf&quot;,return)</favourite>
	<favourite name="[COLOR red]Radio 538[/COLOR]" thumb="special://home/userdata/addon_data/net.rieter.xot/textures/net.rieter.xot.channel.streams.radio538/radio538large.png">ActivateWindow(10025,&quot;plugin://net.rieter.xot/?action=listfolder&amp;channel=chn_radio538&amp;channelcode=538&amp;sf_options=fanart%3Dspecial%3A%2F%2Fhome%2Fuserdata%2Faddon_data%2Fnet.rieter.xot%2Ftextures%2Fnet.rieter.xot.channel.streams.radio538%2Fradio538fanart.jpg%26desc%3DUitzendingen+van+Radio+538+gemist+%28www.538gemist.nl%29.%26_options_sf&quot;,return)</favourite>
	<favourite name="[COLOR red]Phoenix Music[/COLOR]" thumb="http://phoenixtv.offshorepastebin.com/art/tv/music%20icon2A.png">ActivateWindow(10025,&quot;plugin://plugin.video.phstreams/?action=directory&amp;url=http%3a%2f%2fphoenixtv.offshorepastebin.com%2ftv%2fmusic.xml&amp;sf_options=fanart%3Dspecial%3A%2F%2Fhome%2Faddons%2Fplugin.video.phstreams%2Ffanart.jpg%26_options_sf&quot;,return)</favourite>
	<favourite name="[COLOR red]Symphony Orchestra Phoenix[/COLOR]" thumb="http://s1.postimg.org/eyu39s3qn/Performing_Arts.jpg">ActivateWindow(10025,&quot;plugin://plugin.video.phstreams/?action=directory&amp;url=http%3a%2f%2fone242415.offshorepastebin.com%2fPerformingArts%2fclassical.xml&amp;sf_options=fanart%3Dhttp%3A%2F%2Fimages8.alphacoders.com%2F393%2F393816.jpg%26_options_sf&quot;,return)</favourite>
	<favourite name="[COLOR red]Live In Concert Phoenix[/COLOR]" thumb="http://s27.postimg.org/bwjiufa9v/Live_In_Concert.jpg">ActivateWindow(10025,&quot;plugin://plugin.video.phstreams/?action=directory&amp;url=http%3a%2f%2fone242415.offshorepastebin.com%2finconcert%2fconcertsdirectory.xml&amp;sf_options=fanart%3Dhttps%3A%2F%2Fi.imgsafe.org%2F25a45ee.jpg%26_options_sf&quot;,return)</favourite>
	<favourite name="[COLOR red]Rock Docu Phoenix[/COLOR]" thumb="http://s21.postimg.org/49u2b344n/Rock_Docs.jpg">ActivateWindow(10025,&quot;plugin://plugin.video.phstreams/?action=directory&amp;url=http%3a%2f%2fone242415.offshorepastebin.com%2fCollections%2frockdoc.xml&amp;sf_options=fanart%3Dhttps%3A%2F%2Fi.imgsafe.org%2F25a45ee.jpg%26_options_sf&quot;,return)</favourite>
	<favourite name="[COLOR red]Phoenix Music 2[/COLOR]" thumb="http://s6.postimg.org/vn6kao0zl/Music.png">ActivateWindow(10025,&quot;plugin://plugin.video.phstreams/?action=directory&amp;url=http%3a%2f%2ftnpb.offshorepastebin.com%2fDirectories%2fDocs%2520Directories%2fDocu%2520Music%2520Directory.xml&amp;sf_options=fanart%3Dhttp%3A%2F%2Fs6.postimg.org%2F4ph8mo5q9%2FBackdrop.png%26_options_sf&quot;,return)</favourite>
	<favourite name="[COLOR red]Genie Music[/COLOR]" thumb="http://architects.x10host.com/GenieArt/MUSIC.png">ActivateWindow(10025,&quot;plugin://plugin.video.GenieTv/?description&amp;fanart=%2fstorage%2f.kodi%2faddons%2fplugin.video.GenieTv%2ffanart.jpg&amp;iconimage=http%3a%2f%2farchitects.x10host.com%2fGenieArt%2fMUSIC.png&amp;mode=4003&amp;name=%5bCOLORgreen%5dMusic%5b%2fCOLOR%5d&amp;url=http%3a%2f%2farchitects.x10host.com&amp;sf_options=fanart%3Dspecial%3A%2F%2Fhome%2Faddons%2Fplugin.video.GenieTv%2Ffanart.jpg%26_options_sf&quot;,return)</favourite>
	<favourite name="[COLOR red]Halow Music[/COLOR]" thumb="http://ekladata.com/GtX_Bgc3dnLz6jic8WYzERiZzpw.jpg">ActivateWindow(10025,&quot;plugin://plugin.video.Test/?fanart&amp;mode=1&amp;name=%5bCOLOR%20royalblue%5d%5bB%5dMusic%20TV%5b%2fB%5d%5b%2fCOLOR%5d&amp;url=http%3a%2f%2fpastebin.com%2fraw.php%3fi%3dtAUaqPk4&quot;,return)</favourite>
	<favourite name="[COLOR red]Filmon Music[/COLOR]" thumb="image://http%3a%2f%2fstatic.filmon.com%2fassets%2fgroups%2f12%2fbig_logo.png/">ActivateWindow(10025,&quot;plugin://plugin.video.Test/?fanart=image%3a%2f%2f%252fstorage%252f.kodi%252faddons%252fplugin.video.SportsDevil%252ffanart.jpg%2f&amp;mode=53&amp;name=MUSIC&amp;url=plugin%3a%2f%2fplugin.video.SportsDevil%2f%3fmode%3d1%26item%3durl.tmp%253D%25252Fgroup%25252Fmusic%2526title%253DMUSIC%2526url%253Dhttp%25253A%25252F%25252Fwww.filmon.com%25252Fgroup%25252Fmusic%2526cfg%253Dfilmon.com.cfg%252540Channels%2526definedIn%253Dcustoms%25252Ffilmon.com.cfg%2526director%253Dfilmon.com%2526genre%253DLive%252BTV%2526type%253Drss%2526icon%253Dhttp%25253A%25252F%25252Fstatic.filmon.com%25252Fassets%25252Fgroups%25252F12%25252Fbig_logo.png&amp;sf_options=fanart%3Dimage%3A%2F%2F%252fstorage%252f.kodi%252faddons%252fplugin.video.SportsDevil%252ffanart.jpg%2F%26desc%3D%0A%0ADate%3A+0%26_options_sf&quot;,return)</favourite>
	<favourite name="[COLOR red]VidTime Concerts[/COLOR]" thumb="http://s16.postimg.org/48l3jsvkl/Rock_Concert.png">ActivateWindow(10025,&quot;plugin://plugin.video.VidTime/?base=https%3a%2f%2fwww.dropbox.com%2fs%2f8zmxmaqyt7mf1oz%2fMain.xml%3fraw%3dtrue&amp;mode=XML&amp;sf_options=fanart%3Dspecial%3A%2F%2Fhome%2Faddons%2Fplugin.video.VidTime%2Ffanart.jpg%26_options_sf&quot;,return)</favourite>
	<favourite name="[COLOR red]VidTime Music Channels[/COLOR]" thumb="http://s17.postimg.org/5t21xh9v3/New_Main_Logo.png">ActivateWindow(10025,&quot;plugin://plugin.video.VidTime/?base=https%3a%2f%2fwww.dropbox.com%2fs%2fjtl93m02daevv9u%2fLive%2520Music%2520Playlist.xml%3fraw%3dtrue&amp;mode=XML&amp;sf_options=fanart%3Dspecial%3A%2F%2Fhome%2Faddons%2Fplugin.video.VidTime%2Ffanart.jpg%26_options_sf&quot;,return)</favourite>
	<favourite name="[COLOR red]VidTime Music Channels 2[/COLOR]" thumb="http://s15.postimg.org/g8q1uq7fv/Lefty_s_Hits.png">ActivateWindow(10025,&quot;plugin://plugin.video.VidTime/?base=https%3a%2f%2fwww.dropbox.com%2fs%2fs0be9lrs8wjzq0z%2fMain.xml%3fraw%3dtrue&amp;mode=XML&amp;sf_options=fanart%3Dspecial%3A%2F%2Fhome%2Faddons%2Fplugin.video.VidTime%2Ffanart.jpg%26_options_sf&quot;,return)</favourite>
	<favourite name="[COLOR red]Titan Concerts[/COLOR]" thumb="http://s9.postimg.org/xyj1vgukv/Live_Music_Sign_600x600.jpg">ActivateWindow(10025,&quot;plugin://plugin.video.titan/?description&amp;iconimage=http%3a%2f%2fs9.postimg.org%2fxyj1vgukv%2fLive_Music_Sign_600x600.jpg&amp;mode=30&amp;name=%5bCOLOR%20FFA4C639%5dConcerts%5b%2fCOLOR%5d&amp;url=http%3a%2f%2fpastebin.com%2fraw%2fzYWzSWLE&amp;sf_options=fanart%3Dspecial%3A%2F%2Fhome%2Faddons%2Fplugin.video.titan%2Ffanart.jpg%26_options_sf&quot;,return)</favourite>
	<favourite name="[COLOR red]Cypher Concerts[/COLOR]" thumb="http://repo.run/cypher/images/conert.png">ActivateWindow(10025,&quot;plugin://plugin.video.ProjectCypher/?fanart=http%3a%2f%2frepo.run%2fcypher%2fimages%2ffanart.jpg&amp;mode=1&amp;name=%5bB%5d%5bCOLOR%20yellow%5d---%5b%2fCOLOR%5d%20%5bCOLOR%20red%5dCypher%5b%2fCOLOR%5d%20%5bCOLOR%20white%5dConcerts%5b%2fCOLOR%5d%5bCOLOR%20yellow%5d---%5b%2fCOLOR%5d%5b%2fB%5d&amp;url=http%3a%2f%2frepo.run%2fcypher%2fconcertevent.xml%24%24LSProEncKey%3dcypher%24%24&amp;sf_options=fanart%3Dhttp%3A%2F%2Frepo.run%2Fcypher%2Fimages%2Ffanart.jpg%26_options_sf&quot;,return)</favourite>
	<favourite name="[COLOR red]UK Turks Radio[/COLOR]" thumb="http://metalkettle.co/UKTurk18022016/thumbs/new/Uk%20turk%20thumbnails%20radio.jpg">ActivateWindow(10025,&quot;plugin://plugin.video.ukturk/?description&amp;iconimage=http%3a%2f%2fmetalkettle.co%2fUKTurk18022016%2fthumbs%2fnew%2fUk%2520turk%2520thumbnails%2520radio.jpg&amp;mode=1&amp;name=Radio&amp;url=http%3a%2f%2fmetalkettle.co%2fUKTurk18022016%2fradio%2fIndex.txt&amp;sf_options=fanart%3Dspecial%3A%2F%2Fhome%2Faddons%2Fplugin.video.ukturk%2Ffanart.jpg%26_options_sf&quot;,return)</favourite>
	<favourite name="[COLOR red]UK Turks Concerts[/COLOR]" thumb="http://metalkettle.co/UKTurk18022016/thumbs/new/Uk%20turk%20thumbnails%20concerts.jpg">ActivateWindow(10025,&quot;plugin://plugin.video.ukturk/?description&amp;iconimage=http%3a%2f%2fmetalkettle.co%2fUKTurk18022016%2fthumbs%2fnew%2fUk%2520turk%2520thumbnails%2520concerts.jpg&amp;mode=1&amp;name=Concerts&amp;url=http%3a%2f%2fmetalkettle.co%2fUKTurk18022016%2fConcerts.txt&amp;sf_options=fanart%3Dspecial%3A%2F%2Fhome%2Faddons%2Fplugin.video.ukturk%2Ffanart.jpg%26_options_sf&quot;,return)</favourite>
	<favourite name="[COLOR red]Fubar Concerts[/COLOR]" thumb="special://home/addons/plugin.video.mdfubar/resources/art/concert.png">ActivateWindow(10025,&quot;plugin://plugin.video.mdfubar/?description&amp;iconimage=%2fstorage%2f.kodi%2faddons%2fplugin.video.mdfubar%2fresources%2fart%2fconcert.png&amp;mode=3&amp;name=%5bCOLOR%20cyan%5dConcerts%5b%2fCOLOR%5d&amp;url=url&amp;sf_options=fanart%3Dspecial%3A%2F%2Fhome%2Faddons%2Fplugin.video.mdfubar%2Fresources%2Fart%2Ff1.jpg%26_options_sf&quot;,return)</favourite>
	<favourite name="[COLOR red]123 Music[/COLOR]" thumb="special://home/addons/plugin.video.md123movies/icon.png">ActivateWindow(10025,&quot;plugin://plugin.video.md123movies/?description&amp;iconimage=%2fstorage%2f.kodi%2faddons%2fplugin.video.md123movies%2ficon.png&amp;mode=1&amp;name=%5bB%5d%5bCOLOR%20white%5dMusical%5b%2fCOLOR%5d%5b%2fB%5d&amp;url=http%3a%2f%2f123movies.to%2fmovie%2ffilter%2fmovie%2flatest%2f27%2fall%2fall%2fall%2fall&amp;sf_options=fanart%3Dspecial%3A%2F%2Fhome%2Faddons%2Fplugin.video.md123movies%2Ffanart.jpg%26_options_sf&quot;,return)</favourite>
	<favourite name="[COLOR red]Mats Concerts[/COLOR]" thumb="http://www.matsbuilds.co.uk/pics/icon.png">ActivateWindow(10025,&quot;plugin://plugin.video.MatsJukeBox/?description&amp;fanart=http%3a%2f%2fwww.matsbuilds.co.uk%2fpics%2ficon.png&amp;mode=1&amp;name=%5bCOLOR%20white%5d%5bB%5dConcert%20Section%5b%2fCOLOR%5d%5b%2fB%5d&amp;url=http%3a%2f%2fpastebin.com%2fraw%2fPNSvv8nQ&amp;sf_options=fanart%3Dhttp%3A%2F%2Fwww.matsbuilds.co.uk%2Fpics%2Ficon.png%26_options_sf&quot;,return)</favourite>
	<favourite name="[COLOR red]Ccloud Radio[/COLOR]" thumb="special://home/addons/plugin.video.ccloudtv/resources/icons//radio.png">ActivateWindow(10025,&quot;plugin://plugin.video.ccloudtv/?iconimage=%2fstorage%2f.kodi%2faddons%2fplugin.video.ccloudtv%2fresources%2ficons%2f%2fradio.png&amp;mode=61&amp;name=%5bCOLOR%20royalblue%5d%5bB%5dRadio%5b%2fB%5d%5b%2fCOLOR%5d&amp;url=radio&amp;sf_options=fanart%3Dspecial%3A%2F%2Fhome%2Faddons%2Fplugin.video.ccloudtv%2Ffanart.jpg%26_options_sf&quot;,return)</favourite>
	<favourite name="[COLOR red]Exodus Music[/COLOR]" thumb="special://home/addons/script.exodus.artwork/resources/media/exodus/genres.png">ActivateWindow(10025,&quot;plugin://plugin.video.exodus/?action=movies&amp;url=http%3a%2f%2fwww.imdb.com%2fsearch%2ftitle%3ftitle_type%3dfeature%2ctv_movie%26languages%3den%26num_votes%3d100%2c%26release_date%3ddate%5b730%5d%2cdate%5b30%5d%26genres%3dmusic%26sort%3dmoviemeter%2casc%26count%3d40%26start%3d1&amp;sf_options=fanart%3Dspecial%3A%2F%2Fhome%2Faddons%2Fscript.exodus.artwork%2Fresources%2Fmedia%2Fexodus%2Ffanart.jpg%26_options_sf&quot;,return)</favourite>
	<favourite name="[COLOR red]Valhalla Music[/COLOR]" thumb="http://files.softicons.com/download/application-icons/generic-icons-by-mat-u/png/256/gen_music.png">ActivateWindow(10025,&quot;plugin://plugin.video.phstreams/?action=directory&amp;url=http%3a%2f%2fvalhalla.offshorepastebin.com%2fmusic%2fMusic%2520Main.xml&amp;sf_options=fanart%3Dhttp%3A%2F%2Fforumarchiwum.muve.pl%2Fuploads%2Fforum-post%2F20130828190540-ad3d6_521e2e37deffb.jpg%26_options_sf&quot;,return)</favourite>
	<favourite name="[COLOR red]WildHitz[/COLOR]" thumb="special://home/addons/plugin.video.wildhitz/icon.png">ActivateWindow(10025,&quot;plugin://plugin.video.wildhitz/?sf_options=fanart%3Dspecial%3A%2F%2Fhome%2Faddons%2Fplugin.video.wildhitz%2Ffanart.jpg%26desc%3DWildHitz%26_options_sf&quot;,return)</favourite>
	<favourite name="[COLOR red]Evolve Drumming[/COLOR]" thumb="http://afstechuk.co.uk/slimevolvedrums/drumming.png">ActivateWindow(10025,&quot;plugin://plugin.video.Evolve/?description&amp;fanart=http%3a%2f%2fafstechuk.co.uk%2fslimevolvedrums%2ffanart.jpg&amp;mode=1&amp;name=%5bCOLOR%20orange%5dD%5b%2fCOLOR%5drumming%20World&amp;url=http%3a%2f%2fpastebin.com%2fraw%2fpED3NQtF&amp;sf_options=fanart%3Dhttp%3A%2F%2Fafstechuk.co.uk%2Fslimevolvedrums%2Ffanart.jpg%26_options_sf&quot;,return)</favourite>
	<favourite name="[COLOR red]Evolve Music[/COLOR]" thumb="https://www.stevencravis.com/wp-content/uploads/2015/10/Microsoft_Groove_logo.png">ActivateWindow(10025,&quot;plugin://plugin.video.Evolve/?description&amp;fanart=https%3a%2f%2fi.ytimg.com%2fvi%2fKTBTnigLpIE%2fmaxresdefault.jpg&amp;mode=1&amp;name=%5bCOLOR%20white%5d%5bB%5dMusic%20%5bWIP%5d%5b%2fB%5d%5b%2fCOLOR%5d&amp;url=https%3a%2f%2fsnipt.net%2fraw%2f6bb8882a806a6088f43d50f284640c67%2f&amp;sf_options=fanart%3Dhttps%3A%2F%2Fi.ytimg.com%2Fvi%2FKTBTnigLpIE%2Fmaxresdefault.jpg%26_options_sf&quot;,return)</favourite>
	<favourite name="[COLOR red]Evolve IPTV Music[/COLOR]" thumb="http://songtent.com/wp-content/uploads/2015/08/Music-For-TV-License-by-Song-Tent.jpg">ActivateWindow(10025,&quot;plugin://plugin.video.Evolve/?description&amp;fanart=http%3a%2f%2fsongtent.com%2fwp-content%2fuploads%2f2015%2f08%2fMusic-For-TV-License-by-Song-Tent.jpg&amp;mode=1&amp;name=%5bB%5d%5bCOLOR%20red%5dIPTV%5b%2fCOLOR%5d%20%5bCOLOR%20white%5dMUSIC%5b%2fCOLOR%5d%5b%2fB%5d%20&amp;url=http%3a%2f%2fmatsbuilds.co.uk%2frambo%2fEVOLVE%2fMUSIC%2520IPTV.xml&amp;sf_options=fanart%3Dhttp%3A%2F%2Fsongtent.com%2Fwp-content%2Fuploads%2F2015%2F08%2FMusic-For-TV-License-by-Song-Tent.jpg%26_options_sf&quot;,return)</favourite>
	<favourite name="[COLOR red]Evolve World Radio[/COLOR]" thumb="http://www.spotandweb.it/wp-content/uploads/2013/09/radio1.jpg">ActivateWindow(10025,&quot;plugin://plugin.video.Evolve/?description&amp;fanart=http%3a%2f%2fwww.spotandweb.it%2fwp-content%2fuploads%2f2013%2f09%2fradio1.jpg&amp;mode=1&amp;name=%5bB%5d%5bCOLOR%20red%5dWORLD%5b%2fCOLOR%5d%20%5bCOLOR%20white%5d%20RADIO%5b%2fCOLOR%5d%5b%2fB%5d%20&amp;url=http%3a%2f%2fmatsbuilds.co.uk%2frambo%2fEVOLVE%2fRADIONEW.xml&amp;sf_options=fanart%3Dhttp%3A%2F%2Fwww.spotandweb.it%2Fwp-content%2Fuploads%2F2013%2F09%2Fradio1.jpg%26_options_sf&quot;,return)</favourite>
	<favourite name="[COLOR red]Evolve Now Thats[/COLOR]" thumb="http://i.imgur.com/7bn8mjF.png">ActivateWindow(10025,&quot;plugin://plugin.video.Evolve/?description&amp;fanart=http%3a%2f%2fi.imgur.com%2fOgd1Uxf.png&amp;mode=1&amp;name=Now%20That%27s%20What%20I%20Call%20Music%20Playlists&amp;url=http%3a%2f%2fpastebin.com%2fraw%2fwasgjmdy&amp;sf_options=fanart%3Dhttp%3A%2F%2Fi.imgur.com%2FOgd1Uxf.png%26_options_sf&quot;,return)</favourite>
	<favourite name="[COLOR red]Evolve Concerts[/COLOR]">ActivateWindow(10025,&quot;plugin://plugin.video.Evolve/?description&amp;fanart=http%3a%2f%2fi.imgur.com%2fOgd1Uxf.png&amp;mode=1&amp;name=Concerts&amp;url=http%3a%2f%2fpastebin.com%2fraw%2fHPx7giHr&amp;sf_options=fanart%3Dhttp%3A%2F%2Fi.imgur.com%2FOgd1Uxf.png%26_options_sf&quot;,return)</favourite>
</favourites>