<favourites>
	<favourite name="[COLOR red]- [/COLOR][COLOR yellow][ back -2- [B]Sports[/B] section ][/COLOR][COLOR red] -[/COLOR]" thumb="">ActivateWindow(10025,&quot;plugin://plugin.program.super.favourites/?label=SPORTS&amp;mode=400&amp;folder=Sports&amp;sf_options=fanart%3DNULL%26_options_sf&quot;)</favourite>
	<favourite name="" thumb="">SF_MANUAL_CMD_1</favourite>
	<favourite name="[COLOR lime][ XvBMC Sports menu ][/COLOR]" thumb="">SF_MANUAL_CMD_2</favourite>
	<favourite name="Ares FootBall" thumb="special://home/addons/plugin.video.AresFootBall/icon.png">ActivateWindow(10025,&quot;plugin://plugin.video.AresFootBall?sf_options=fanart%3Dspecial%3A%2F%2Fhome%2Faddons%2Fplugin.video.AresFootBall%2Ffanart.jpg%26desc%3DFull+Matches+and+Shows+Brings+you+the+Latest+Soccer+Shows+and+Full+Match+Highlights+Videos+from+top+european+soccer+leagues%26_options_sf&quot;,return)</favourite>
	<favourite name="AwesomeStreams" thumb="special://home/addons/plugin.video.AwesomeStreams/icon.png">ActivateWindow(10025,&quot;plugin://plugin.video.AwesomeStreams?sf_options=fanart%3Dspecial%3A%2F%2Fhome%2Faddons%2Fplugin.video.AwesomeStreams%2Ffanart.jpg%26desc%3DAddon+With+Livestreams+and+movies+from+all+over+the+world%26_options_sf&quot;,return)</favourite>
	<favourite name="BBTS Sports (iPtv)" thumb="">ActivateWindow(10025,&quot;plugin://plugin.video.bbts/?folder=%2fSPORTS&quot;)</favourite>
	<favourite name="Castaway" thumb="special://home/addons/plugin.video.castaway/icon.png">ActivateWindow(10025,&quot;plugin://plugin.video.castaway?sf_options=fanart%3Dspecial%3A%2F%2Fhome%2Faddons%2Fplugin.video.castaway%2Ffanart.jpg%26desc%3DVisit+TVADDONS.ag+for+support.%26_options_sf&quot;,return)</favourite>
	<favourite name="Halow Live TV" thumb="special://home/addons/plugin.video.Test/icon.png">ActivateWindow(10025,&quot;plugin://plugin.video.Test?sf_options=fanart%3Dspecial%3A%2F%2Fhome%2Faddons%2Fplugin.video.Test%2Ffanart.jpg%26desc%3D%5BCOLOR+red%5DAll+channels+from+around+the+world%2FMovie%2FChild+Movie%2FStreamax.tv%2FSwefilm.Tv%2Fhttp%3A%2F%2Fdreamfilmhd.bz%2F%2F+YouTube%2FSports+Replays%2FFilmon.TV%2FRadio%2FAce+Stream%2FMusic%2FLive+Sport%2FLiveStream%2Ffollow+me+on+FB%2FTwitter%0AHalow+TV+Add-on%0Ahttp%3A%2F%2Fhalowtv.org%5B%2FCOLOR%5D%26_options_sf&quot;,return)</favourite>
	<favourite name="NJM Soccer" thumb="special://home/addons/plugin.video.NJMSOCCER/icon.png">ActivateWindow(10025,&quot;plugin://plugin.video.NJMSOCCER?sf_options=fanart%3Dspecial%3A%2F%2Fhome%2Faddons%2Fplugin.video.NJMSOCCER%2Ffanart.jpg%26desc%3DFree+Soccer+Streams+courtesy+of+NJM%26_options_sf&quot;,return)</favourite>
	<favourite name="Pro Sport" thumb="special://home/addons/plugin.video.prosport/icon.png">ActivateWindow(10025,&quot;plugin://plugin.video.prosport?sf_options=fanart%3Dspecial%3A%2F%2Fhome%2Faddons%2Fplugin.video.prosport%2Ffanart.jpg%26desc%3DLive+HD+sport+streams+from+reddit%26_options_sf&quot;,return)</favourite>
	<favourite name="SportsDevil" thumb="special://home/addons/plugin.video.SportsDevil/icon.png">ActivateWindow(10025,&quot;plugin://plugin.video.SportsDevil?sf_options=fanart%3Dspecial%3A%2F%2Fhome%2Faddons%2Fplugin.video.SportsDevil%2Ffanart.jpg%26desc%3DPlay+videos+of+different+sports+streaming+sites%26_options_sf&quot;,return)</favourite>
	<favourite name="UK Turk Sports (iPtv)" thumb="http://metalkettle.co/UKTurk18022016/thumbs/new/Uk%20turk%20thumbnails%20sports.jpg">ActivateWindow(10025,&quot;plugin://plugin.video.ukturk/?description&amp;iconimage=http%3a%2f%2fmetalkettle.co%2fUKTurk18022016%2fthumbs%2fnew%2fUk%2520turk%2520thumbnails%2520sports.jpg&amp;mode=1&amp;name=Sports&amp;url=http%3a%2f%2fmetalkettle.co%2fUKTurk18022016%2fSportsList.txt&amp;sf_options=fanart%3Dspecial%3A%2F%2Fhome%2Faddons%2Fplugin.video.ukturk%2Ffanart.jpg%26_options_sf&quot;,return)</favourite>
	<favourite name="VidTime Assorted Sports" thumb="special://home/addons/plugin.video.VidTime/resources/media/sport.png">ActivateWindow(10025,&quot;plugin://plugin.video.VidTime/?mode=PERCH%20PICKS%20-%20ASSORTED%20SPORTS&amp;sf_options=fanart%3Dspecial%3A%2F%2Fhome%2Faddons%2Fplugin.video.VidTime%2Ffanart.jpg%26_options_sf&quot;,return)</favourite>
	<favourite name="Zem Sports" thumb="special://home/addons/plugin.video.ZemTV-shani/icon.png">ActivateWindow(10025,&quot;plugin://plugin.video.ZemTV-shani/?sf_options=desc%3DWatch+ZemTV.com+on+your+XBMC.+This+plugin+fetches+the+video+sources+from+ZemTV.com+and+play+on+XBMC+compatible+plateforms%26_options_sf&quot;,return)</favourite>
</favourites>