<?xml version="1.0" encoding="UTF-8" standalone="yes"?>
<addon id="repository.armoguy" name="ArmoGuy Repository" version="1.0.2" provider-name="ArmoGuy">
	<extension point="xbmc.addon.repository" name="ArmoGuy Repository">
		<info compressed="false">http://raw.github.com/armoguy/armoguy/master/addons.xml</info>
		<checksum>http://raw.github.com/armoguy/armoguy/master/addons.xml.md5</checksum>
		<datadir zip="true">http://raw.github.com/armoguy/armoguy/master</datadir>
	</extension>
	<extension point="xbmc.addon.metadata">
		<summary>The Official ArmoGuy repository</summary>
		<description>This repository contains all addons made by ArmoGuy.</description>
		<disclaimer>The owners and submitters to this repository do not host or distribute any of the content displayed by these addons nor do they have any affiliation with the content providers.</disclaimer>
		<platform>all</platform>
	</extension>
</addon>
