<?xml version="1.0" encoding="UTF-8" standalone="yes"?>
<addon id="plugin.program.xvbmcinstaller.nl" name=" [COLOR lime][B]X[/B][/COLOR]vBMC-[COLOR white]NL[/COLOR] wizard/installer" version="1.0.5" provider-name="XvBMC-NL">
  <requires>
    <import addon="repository.xvbmc" version="4.2" optional="true"/>
    <import addon="xbmc.python" version="2.1.0"/>
  </requires>
  <extension point="xbmc.python.pluginsource" library="default.py">
        <provides>executable</provides>
  </extension>
  <extension point="xbmc.addon.metadata">
    <summary lang="en">XvBMC-NL installer (Wizard)</summary>
    <description lang="en">easy install XvBMC with KODI / XBMC Wizard \ Kodi Wizard / XvBMC Nederland \ NL</description>
    <disclaimer lang="en">! USE AT YOUR OWN RISK ! ! MORE iNFO @ http://bit.ly/XvBMC-NL !</disclaimer>
    <platform>all</platform>
    <license>GNU GENERAL PUBLIC LICENSE. Version 3, June 2007</license>
    <forum>http://bit.ly/XvBMC-Pi</forum>
    <website>https://bit.ly/XvBMC-Android</website>
    <source>http://bit.ly/XvBMC-NL</source>
    <news>XvBMC-NL vOoDoO</news>
    <assets>
        <icon>icon.png</icon>
        <fanart>fanart.jpg</fanart>
        <screenshot></screenshot>
    </assets>
  </extension>
</addon>
