<?xml version="1.0" encoding="UTF-8" standalone="yes"?>
<addon id="script.xvbmc.update" name=" [COLOR lime][B]X[/B][/COLOR]vBMC  Maintenance[COLOR red]/update[/COLOR] [I][COLOR green] v3[/COLOR][/I]" version="3.03.700x" provider-name="XvBMC NL">
  <requires>
    <import addon="xbmc.python" version="2.14.0"/>
	<import addon="script.schoonmaak" version="1.10.01"/>
  </requires>
   <extension point="xbmc.python.script" library="xvbmc.py">
   <provides>executable</provides>
  </extension>
  <extension point="xbmc.addon.metadata">
    <summary lang="en">XvBMC Nederland - Maintenance/update(r) v3</summary>
    <description lang="en">XvBMC Maintenance ; Updates, tweaks, config's (v3 *Final* LibreELEC Jarvis).</description>
	<disclaimer lang="en">!!! USE AT YOUR OWN RISK !!!</disclaimer>
	<platform>all</platform>
	<license>GNU GENERAL PUBLIC LICENSE. Version 3, June 2007</license>
	<forum>https://www.fb.com/groups/XbmcVoorBeginnersRaspberryPi/</forum>
	<website>https://www.facebook.com/groups/XvBMCnederland/</website>
	<source>https://www.facebook.com/groups/XbmcVoorBeginnersRaspberryPi/</source>
  </extension>
</addon>
