<?xml version="1.0" encoding="UTF-8" standalone="yes"?>
<addon id="plugin.video.nl-viewer2" name="[COLOR FF3C6689]NL[/COLOR] Viewer V2" version="1.0.4"
       provider-name="Scott Marten">
    <requires>
        <import addon="xbmc.python" version="2.12.0"/>
        <import addon="script.module.mctools" optional="false"/>
    </requires>
    <extension point="xbmc.python.pluginsource" library="main.py">
        <provides>video</provides>
    </extension>
    <extension point="xbmc.service" library="service.py" start="login">
    </extension>
    <extension point="xbmc.addon.metadata">
        <summary lang="en">NL Movies</summary>
        <description lang="en">This Add-on is a viewer for NL Movies</description>
        <language></language>
        <platform>all</platform>
        <forum></forum>
        <disclaimer lang="en">It is just for educational purpose[CR]Check if it is illegal in your country to use.
        </disclaimer>
        <license>GNU GENERAL PUBLIC LICENSE. Version 2, June 1991</license>
    </extension>
</addon>
