<?xml version="1.0" encoding="UTF-8"?>
<addon id="plugin.video.kindertube"
       name="KinderTube"
       version="1.0.2"
       provider-name="Highway+KAOSbox+XvBMC-NL">
  <requires>
    <import addon="xbmc.python" version="2.1.0"/>
    <import addon="repository.xvbmc" version="4.2"/>
    <import addon="script.module.urlresolver" version="4.0.16"/>
    <import addon="plugin.video.vimeo" optional="true"/>
    <import addon="plugin.video.youtube" version="5.4"/>
    <import addon="script.module.metahandler" optional="true" />
    <import addon="script.module.addon.common" optional="true"/>
    <import addon="script.common.plugin.cache" optional="true"/>
    <import addon="script.module.t0mm0.common" optional="true"/>
  </requires>
  <extension point="xbmc.python.pluginsource" library="default.py">
    <provides>video</provides>
  </extension>
  <extension point="xbmc.addon.metadata">
    <summary></summary>
    <description>De leukste kinderfilmpjes</description>
    <disclaimer>By using this, you take reponsibility for anything that happens.</disclaimer>
    <platform>all</platform>
    <license>GNU GENERAL PUBLIC LICENSE. Version 3, June 2007</license>
    <forum>https://www.fb.com/groups/XvBMCnederland/</forum>
    <website>http://bit.ly/XvBMC-NL</website>
    <source>http://bit.ly/XvBMC-Pi</source>
    <news>[B]Version 1.0.2[/B]: CodeCosmetics+VoOdOo</news>
    <assets>
        <icon>icon.png</icon>
        <fanart>fanart.jpg</fanart>
        <screenshot></screenshot>
    </assets>
  </extension>
</addon>