<?xml version="1.0" encoding="UTF-8" standalone="yes"?>
<addon id="repository.x-odi.nl" name="Xodi Repo" version="1.0" provider-name="Xodi">
    <extension point="xbmc.addon.repository" name="Xodi Repository">
        <info compressed="true">http://repo.x-odi.nl/addons.xml</info>
        <checksum>http://repo.x-odi.nl/addons.xml.md5</checksum>
        <datadir zip="true">http://repo.x-odi.nl/repo</datadir>
    </extension>
    <extension point="xbmc.addon.metadata">
        <summary lang="en_gb">Xodirepo.</summary>
        <description>Repo van Xodi</description>
        <platform>all</platform>
    </extension>
</addon>
