<?xml version="1.0" encoding="UTF-8" standalone="yes"?>
<addon id="script.schoonmaak"
       name="[COLOR dimgray][B]X[/B]vBMC Schoonmaak/Maintenance[/COLOR] [COLOR red][I](outdated)[/I][/COLOR]"
       version="4.1.0"
       provider-name="XvBMC-NL">
  <requires>
    <import addon="xbmc.python" version="2.14.0"/>
	<import addon="repository.xvbmc" version="4.0.2"/>
<!--<import addon="os.openelec.tv" version="7.0" optional="false" />-->
<!--<import addon="os.libreelec.tv" version="7.0" optional="false"/>-->
  </requires>
   <extension point="xbmc.python.script" library="default.py">
   <provides>executable</provides>
  </extension>
  <extension point="xbmc.addon.metadata">
    <summary lang="en">this addon is no longer supported</summary>
    <description lang="en">this addon is no longer supported</description>
	<disclaimer lang="en">this addon is no longer supported</disclaimer>
	<platform>all</platform>  <!-- open-/libreelec -->
	<license>GNU GENERAL PUBLIC LICENSE. Version 3, June 2007</license>
    <forum>http://bit.ly/XvBMC-NL</forum>
    <website>https://bit.ly/XvBMC-Android</website>
    <source>http://bit.ly/XvBMC-Pi</source>
	<news>this addon is no longer supported</news>
	<assets>
		<icon>icon.png</icon>
		<fanart>fanart.jpg</fanart>
		<screenshot></screenshot>
	</assets>
  </extension>
</addon>
