<favourites>
	<favourite name="[COLOR red]DecadoDocs[/COLOR]" thumb="special://home/addons/plugin.video.DecadoDocs/icon.png">ActivateWindow(10025,&quot;plugin://plugin.video.DecadoDocs?sf_options=fanart%3Dspecial%3A%2F%2Fhome%2Faddons%2Fplugin.video.DecadoDocs%2Ffanart.jpg%26_options_sf&quot;,return)</favourite>
	<favourite name="[COLOR red]Smithsonian[/COLOR]" thumb="special://home/addons/plugin.video.smithsonian/icon.png">ActivateWindow(10025,&quot;plugin://plugin.video.smithsonian?sf_options=fanart%3Dspecial%3A%2F%2Fhome%2Faddons%2Fplugin.video.smithsonian%2Ffanart.jpg%26desc%3DPlay+1080+HD+videos+from+the+Smithsonian+Channel.%26_options_sf&quot;,return)</favourite>
	<favourite name="[COLOR red]UK Turks[/COLOR]" thumb="http://metalkettle.co/UKTurk18022016/thumbs/new/Uk%20turk%20thumbnails%20documentaries.jpg">ActivateWindow(10025,&quot;plugin://plugin.video.ukturk/?description&amp;iconimage=http%3a%2f%2fmetalkettle.co%2fUKTurk18022016%2fthumbs%2fnew%2fUk%2520turk%2520thumbnails%2520documentaries.jpg&amp;mode=1&amp;name=Documentaries&amp;url=http%3a%2f%2fmetalkettle.co%2fUKTurk18022016%2fdocs%2fIndex.txt&amp;sf_options=fanart%3Dspecial%3A%2F%2Fhome%2Faddons%2Fplugin.video.ukturk%2Ffanart.jpg%26_options_sf&quot;,return)</favourite>
	<favourite name="[COLOR red]Titan Hifi[/COLOR]" thumb="special://home/addons/plugin.video.titan/art/hifi.png">ActivateWindow(10025,&quot;plugin://plugin.video.titan/?description&amp;iconimage=%2fstorage%2f.kodi%2faddons%2fplugin.video.titan%2fart%2fhifi.png&amp;mode=5&amp;name=Documentary&amp;url=https%3a%2f%2farchive.org%2fdownload%2fhifimoviesdocs%2fhifidocs.xml%0d&quot;,return)</favourite>
	<favourite name="[COLOR red]Titan The Midnight Society[/COLOR]" thumb="http://s2.postimg.org/gfsw9ahux/doc.png">ActivateWindow(10025,&quot;plugin://plugin.video.titan/?description&amp;iconimage=http%3a%2f%2fs2.postimg.org%2fgfsw9ahux%2fdoc.png&amp;mode=30&amp;name=%5bCOLOR%20FFA4C639%5dDocumentary%27s%5b%2fCOLOR%5d&amp;url=http%3a%2f%2fpastebin.com%2fraw.php%3fi%3dzk30gQKy&quot;,return)</favourite>
	<favourite name="[COLOR red]Genie[/COLOR]" thumb="http://architects.x10host.com/GenieArt/documentary.png">ActivateWindow(10025,&quot;plugin://plugin.video.GenieTv/?description&amp;fanart=%2fstorage%2f.kodi%2faddons%2fplugin.video.GenieTv%2ffanart.jpg&amp;iconimage=http%3a%2f%2farchitects.x10host.com%2fGenieArt%2fdocumentary.png&amp;mode=8040&amp;name=%5bCOLORgreen%5dDOCUMENTARIES%5b%2fCOLOR%5d&amp;url=http%3a%2f%2farchitects.x10host.com&amp;sf_options=fanart%3Dspecial%3A%2F%2Fhome%2Faddons%2Fplugin.video.GenieTv%2Ffanart.jpg%26_options_sf&quot;,return)</favourite>
	<favourite name="[COLOR red]Fubar[/COLOR]" thumb="special://home/addons/plugin.video.mdfubar/resources/art/da.png">ActivateWindow(10025,&quot;plugin://plugin.video.mdfubar/?description&amp;iconimage=%2fstorage%2f.kodi%2faddons%2fplugin.video.mdfubar%2fresources%2fart%2fda.png&amp;mode=350&amp;name=%5bCOLOR%20cyan%5dDocumentaryAddict%5b%2fCOLOR%5d&amp;url=http%3a%2f%2fdocumentaryaddict.com&amp;sf_options=fanart%3Dspecial%3A%2F%2Fhome%2Faddons%2Fplugin.video.mdfubar%2Fresources%2Fart%2Ff1.jpg%26_options_sf&quot;,return)</favourite>
	<favourite name="[COLOR red]123 Movies[/COLOR]" thumb="special://home/addons/plugin.video.md123movies/icon.png">ActivateWindow(10025,&quot;plugin://plugin.video.md123movies/?description&amp;iconimage=%2fstorage%2f.kodi%2faddons%2fplugin.video.md123movies%2ficon.png&amp;mode=1&amp;name=%5bB%5d%5bCOLOR%20white%5dDocumentary%5b%2fCOLOR%5d%5b%2fB%5d&amp;url=http%3a%2f%2f123movies.to%2fmovie%2ffilter%2fmovie%2flatest%2f126%2fall%2fall%2fall%2fall&amp;sf_options=fanart%3Dspecial%3A%2F%2Fhome%2Faddons%2Fplugin.video.md123movies%2Ffanart.jpg%26_options_sf&quot;,return)</favourite>
	<favourite name="[COLOR red]Movie vault[/COLOR]" thumb="special://home/addons/plugin.video.mdmovievault/icon.png">ActivateWindow(10025,&quot;plugin://plugin.video.mdmovievault/?description&amp;iconimage=%2fstorage%2f.kodi%2faddons%2fplugin.video.mdmovievault%2ficon.png&amp;mode=1&amp;name=%5bB%5d%5bCOLOR%20ivory%5dDocumentary%5b%2fCOLOR%5d%5b%2fB%5d&amp;url=http%3a%2f%2ffmovie.co%2fdocumentary_movies&amp;sf_options=fanart%3Dspecial%3A%2F%2Fhome%2Faddons%2Fplugin.video.mdmovievault%2Ffanart.jpg%26_options_sf&quot;,return)</favourite>
	<favourite name="[COLOR red]Phoenix[/COLOR]" thumb="http://s28.postimg.org/op4gqc0ot/Documentaries.jpg">ActivateWindow(10025,&quot;plugin://plugin.video.phstreams/?action=directory&amp;url=http%3a%2f%2fone242415.offshorepastebin.com%2fMisc%2fdocs.xml&amp;sf_options=fanart%3Dhttps%3A%2F%2Fi.imgsafe.org%2F25a45ee.jpg%26_options_sf&quot;,return)</favourite>
	<favourite name="[COLOR red]Phoenix 2[/COLOR]" thumb="http://s6.postimg.org/hn4iiiz9d/Docs.png">ActivateWindow(10025,&quot;plugin://plugin.video.phstreams/?action=directory&amp;url=http%3a%2f%2ftnpb.offshorepastebin.com%2fDirectories%2fMain%2520Directory%2fDocs%2520Main.xml&amp;sf_options=fanart%3Dhttp%3A%2F%2Fs6.postimg.org%2F4ph8mo5q9%2FBackdrop.png%26_options_sf&quot;,return)</favourite>
</favourites>