<?xml version="1.0" encoding="UTF-8" standalone="yes"?>
<addon id="repository.ultimate" name="Ultimate repo" version="1.0.0" provider-name="Whitecream">
	<extension point="xbmc.addon.repository" name="Ultimate repo">
		<dir>
			<info compressed="false">https://offshoregit.com/tvaresolvers/tva-common-repository/raw/master/addons.xml</info>
			<checksum>https://offshoregit.com/tvaresolvers/tva-common-repository/raw/master/addons.xml.md5</checksum>
			<datadir zip="true">https://offshoregit.com/tvaresolvers/tva-common-repository/raw/master/zips/</datadir>
		</dir>    
		<info compressed="false">http://offshoregit.com/whitecream/ultimate/addons.xml</info>
		<checksum>http://offshoregit.com/whitecream/ultimate/addons.xml.md5</checksum>
		<datadir zip="true">http://offshoregit.com/whitecream/ultimate/</datadir>
	</extension>
	<extension point="xbmc.addon.metadata">
		<summary>Everyting ULTIMATE</summary>
		<description>This is the repository for every addon that is ULTIMATE</description>
		<disclaimer>The owners and submitters to this repository do not host or distribute any of the content displayed by these addons nor do they have any affiliation with the content providers.</disclaimer>
		<platform>all</platform>
	</extension>
</addon>
