{
  "channels": [
    {
      "guid": "50E04907-8983-4552-A775-E70F3D91FB99",
      "name": "Vier",
      "description": "Online uitzendingen van www.vier.be.",
      "icon": "viericon.png",
      "category": "National",
      "channelcode": null,
      "sortorder": 4,
      "language": "be",
      "fanart": "vierfanart.jpg"
    },
    {
     "guid": "9F44A86D-D62F-4775-A5BC-B99D1AE038FE",
      "name": "Vijf",
      "description": "Online uitzendingen van www.vijf.be.",
      "icon": "vijficon.png",
      "category": "National",
      "channelcode": "vijfbe",
      "sortorder": 5,
      "language": "be",
      "fanart": "vijffanart.jpg"
    }
  ],
  "settings": [
    {
      "order": 1,
      "id": "username",
      "value": "label=\"30094\" type=\"hidden\" default=\"\""
    },
    {
      "order": 2,
      "id": "password_set",
      "value": "label=\"30093\" type=\"hidden\" action=\"RunScript(net.rieter.xot, 0, ?action=encryptsetting&amp;settingid=channel_50E04907-8983-4552-A775-E70F3D91FB99_password&amp;settingname=Vier.be password&amp;tabfocus=102)\" option=\"close\""
    },
    {
      "order": 3,
      "id": "password",
      "value": "type=\"hidden\" default=\"\""
    }
  ]
}