<?xml version='1.0' encoding='UTF-8' standalone='yes'?>
<addon id='script.module.libtorrent' version='1.0.7' name='LibTorrent' provider-name='DiMartino, srg70, RussakHH, aisman'>
  <requires>
    <import addon='xbmc.python' version='2.1.0'/>
  </requires>
  <extension point="xbmc.python.script" library="default.py">
    <provides>executable</provides>
  </extension>
  <extension point='xbmc.addon.metadata'>
    <platform>all</platform>
    <summary>LibTorrent</summary>
  </extension>
  <extension point='xbmc.python.module'/>
</addon>
