<?xml version="1.0" encoding="UTF-8" standalone="yes"?>
<addon id="script.schoonmaak"
       name=" [COLOR lime][B]X[/B][/COLOR]vBMC [COLOR red][B]S[/B][/COLOR]choonmaak/[COLOR red][B]M[/B][/COLOR]aintenance [I][COLOR darkgreen] (kodi schoonmaak)[/COLOR][/I]"
       version="1.10.20"
       provider-name="EPiC XvBMC-NL">
  <requires>
    <import addon="xbmc.python" version="2.14.0"/>
    <import addon="repository.xvbmc" version="4.0.1"/>
  </requires>
  <extension point="xbmc.python.pluginsource" library="default.py">
    <provides>executable</provides>
  </extension>
  <extension point="xbmc.addon.metadata">
    <platform>all</platform>
    <summary lang="en">XvBMC Nederland - Kodi Schoonmaak (CleanUp-tool)</summary>
    <description lang="en">XvBMC Maintenance/Schoonmaak ; CrapCleaner, Purge and Refresh.</description>
    <disclaimer lang="en">!!! USE AT YOUR OWN RISK !!! MORE iNFO @ http://bit.ly/XvBMC-NL !!!</disclaimer>
    <platform>all</platform>
    <license>GNU GENERAL PUBLIC LICENSE. Version 3, June 2007</license>
    <forum>http://bit.ly/XvBMC-Pi</forum>
    <website>http://bit.ly/XvBMC-NL</website>
    <source>https://www.fb.com/groups/XvBMCnederland/</source>
    <news>Code Cosmetics v1.10.20</news>
    <assets>
        <icon>icon.png</icon>
        <fanart>fanart.jpg</fanart>
        <screenshot></screenshot>
    </assets>
  </extension>
</addon>
