﻿<?xml version="1.0" encoding="UTF-8" standalone="yes"?>
<addon id="plugin.video.eqsodus" version="2.0.7" name="Eqsodus" provider-name="Eqsodus">
	<requires>
		<import addon="xbmc.python" version="2.19.0" />
		<import addon="repository.xvbmc" version="1.0.0" />
		<import addon="script.module.urlresolver" version="3.0.0" />
		<import addon="script.module.metahandler" version="1.0.0" />
	</requires>
	<extension point="xbmc.python.pluginsource" library="eqsodus.py">
		<provides></provides>
	</extension>
	<extension point="xbmc.addon.metadata">
		<summary lang="en">Eqsodus</summary>
		<description lang="en">This is a mod of the Exodus addon. Changes are minimal: just 3 lines edited to regain compatibility with [COLOR ff0084ff]M[/COLOR]etalli[COLOR ff0084ff]Q[/COLOR].Please visit www.tvaddons.ag for Eqsodus support and assistance! Kindly note that Eqsodus is not an official part of the media player you are running, and therefore not to be mentioned within official support channels, this addon has nothing to do with the media player itself, nor it’s intended use, it is simply a third party plugin which has been added to your system.</description>
		<disclaimer lang="en">The author does not host or distribute any of the content displayed by this addon. The author does not have any affiliation with the content provider.</disclaimer>
		<platform>all</platform>
		<news>- Updated indexers[CR]- Updated providers[CR]- Code cosmetics</news>
	</extension>
</addon>