<?xml version="1.0" encoding="UTF-8" standalone="yes"?>
<addon id="script.xvbmc.oc"
       name=" [COLOR lime][B]X[/B][/COLOR]vBMC [COLOR red]OverClock[/COLOR] [COLOR darkgreen] [I](v4+)[/I][/COLOR]"
       version="4.0.0"
       provider-name="EPiC XvBMC-NL">
  <requires>
    <import addon="xbmc.python" version="2.14.0"/>
	<import addon="repository.xvbmc" version="4.0.1"/>
<!--<import addon="os.openelec.tv" version="7.0" optional="false" />-->
<!--<import addon="os.libreelec.tv" version="7.0" optional="false"/>-->
  </requires>
   <extension point="xbmc.python.script" library="default.py">
   <provides>executable</provides>
  </extension>
  <extension point="xbmc.addon.metadata">
    <summary lang="en">XvBMC Nederland - OverClock Tool (v3.1) RPi2+3</summary>
    <description lang="en">XvBMC OverClock ; LibreELEC + OpenElec Raspberry Pi 2+3 (XvBMC-NL v3.1)</description>
	<disclaimer lang="en">!!! USE AT YOUR OWN RISK !!! more info @ http://bit.ly/XvBMC-NL !!!</disclaimer>
	<platform>linux</platform>  <!-- open-/libreelec -->
	<license>GNU GENERAL PUBLIC LICENSE. Version 3, June 2007</license>
	<forum>http://bit.ly/XvBMC-Pi</forum>
	<website>http://bit.ly/XvBMC-NL</website>
	<source>https://www.fb.com/groups/XbmcVoorBeginnersRaspberryPi/</source>
  </extension>
</addon>
