<window id="9998">
	<defaultcontrol always="false">200</defaultcontrol>
	<zorder>100</zorder>
	<coordinates>
		<system>1</system>
		<posx>440</posx>
		<posy>30</posy>
	</coordinates>
	<include>dialogeffect</include>
	<controls>
		<control type="group">
			<include>VisibleFadeEffect</include>
			<control type="image">
				<description>Background Image</description>
				<posx>0</posx>
				<posy>0</posy>
				<width>400</width>
				<height>420</height>
				<texture border="40">DialogBack2.png</texture>
			</control>
			<control type="image">
				<description>Dialog Header image</description>
				<posx>40</posx>
				<posy>16</posy>
				<width>320</width>
				<height>40</height>
				<texture>dialogheader.png</texture>
			</control>
			<control type="label" id="100">
				<description>header label</description>
				<posx>40</posx>
				<posy>20</posy>
				<width>320</width>
				<height>30</height>
				<font>font13_title</font>
				<label>$ADDON[plugin.video.saltshd.lite 30675]</label>
				<align>center</align>
				<aligny>center</aligny>
				<textcolor>darkorange</textcolor>
				<shadowcolor>black</shadowcolor>
			</control>
			<control type="button">
				<description>Close Window button</description>
				<posx>310</posx>
				<posy>15</posy>
				<width>64</width>
				<height>32</height>
				<label>-</label>
				<font>-</font>
				<onclick>PreviousMenu</onclick>
				<texturefocus>DialogCloseButton-focus.png</texturefocus>
				<texturenofocus>DialogCloseButton.png</texturenofocus>
				<visible>system.getbool(input.enablemouse)</visible>
			</control>
		</control>
		<control type="group">
			<control type="label" id="101">
				<description>Instructions Label</description>
				<posx>30</posx>
				<posy>60</posy>
				<width>340</width>
				<height>150</height>
				<aligny>top</aligny>
				<font>font12</font>
				<wrapmultiline>true</wrapmultiline>
				<label></label>
				<textcolor>white</textcolor>
				<shadowcolor>black</shadowcolor>
			</control>
			<control type="image" id="102">
				<description>QR Code</description>
				<posx>118</posx>
				<posy>130</posy>
				<width>164</width>
				<height>164</height>
				<texture></texture>
				<aspectratio>keep</aspectratio>
			</control>
            <control type="progress" id="103">
                <description>Progress</description>
                <posx>30</posx>
                <posy>305</posy>
                <width>340</width>
                <height>30</height>
                <texture></texture>
                <aspectratio>keep</aspectratio>
            </control>
		</control>
		<control type="group" id="9001">
			<control type="button" id="200">
				<description>Cancel Button (Krypton)</description>
				<posx>90</posx>
				<posy>325</posy>
				<width>220</width>
				<height>90</height>
				<align>center</align>
				<aligny>center</aligny>
				<label>$ADDON[plugin.video.saltshd.lite 30668]</label>
				<font>font12_title</font>
                <visible>SubString(System.BuildVersion,17,left)</visible>
			</control>
            <control type="button" id="200">
                <description>Cancel Button (Jarvis)</description>
                <posx>90</posx>
                <posy>345</posy>
                <width>220</width>
                <height>45</height>
                <align>center</align>
                <aligny>center</aligny>
                <label>$ADDON[plugin.video.saltshd.lite 30668]</label>
                <font>font12_title</font>
                <visible>!SubString(System.BuildVersion,17,left)</visible>
            </control>
		</control>
	</controls>
</window>
