<favourites>
	<favourite name="[COLOR lime][ [B]X[/B]v[B]BMC[/B] Nederland ][/COLOR]" thumb="">SF_MANUAL_CMD_1</favourite>
	<favourite name="[COLOR red]XvBMC Service Pack [B]00[/B] - [I]initial release[/I][/COLOR]" thumb="special://home/addons\script.xvbmc.update\icon.png">RunScript(special://home/addons/script.xvbmc.update/xvbmc.py)</favourite>
	<favourite name="Clear System Cache" thumb="special://home/addons/script.schoonmaak/media/cache.png">PlayMedia(&quot;plugin://script.schoonmaak/?url=url&amp;mode=1&amp;name=Clear+Cache&amp;sf_options=winID%3D10001%26_options_sf&quot;)</favourite>
	<favourite name="Delete Packages" thumb="special://home/addons/script.schoonmaak/media/packages.png">PlayMedia(&quot;plugin://script.schoonmaak/?url=url&amp;mode=3&amp;name=Purge+Packages&amp;sf_options=winID%3D10001%26_options_sf&quot;)</favourite>
	<favourite name="[COLOR lime][ Program specific Clear Cache ][/COLOR]" thumb="">SF_MANUAL_CMD_2</favourite>
	<favourite name="KMediaTorrent cache" thumb="special://home/addons/plugin.video.kmediatorrent/icon.png">RunPlugin(plugin://plugin.video.kmediatorrent/cmd/clear_cache)</favourite>
	<favourite name="Quasar cache" thumb="special://home/addons/plugin.video.quasar/icon.png">RunPlugin(plugin://plugin.video.quasar/cmd/clear_cache)</favourite>
	<favourite name="Specto cache" thumb="special://home/addons/plugin.video.specto/resources/media/embossed/cache.jpg">ActivateWindow(10025,&quot;plugin://plugin.video.specto/?action=cache_clear_list&quot;,return)</favourite>
</favourites>