<?xml version="1.0" encoding="UTF-8"?>
<window>
	<defaultcontrol always="true">95</defaultcontrol>
	<controls>
		<include>CommonBackground</include>
		<control type="group">
			<top>59</top>
			<include>WindowOpenCloseAnimation</include>
			<include>SystemLeftPanel</include>
			<control type="grouplist" id="9000">
				<left>82</left>
				<top>32</top>
				<width>356</width>
				<height>840</height>
				<onup>9000</onup>
				<ondown>9000</ondown>
				<onright condition="!Control.IsVisible(30)">9001</onright>
				<onright condition="Control.IsVisible(30)">60</onright>
				<control type="button" id="95">
					<description>Button Summary Values</description>
					<height>90</height>
					<width>356</width>
					<textoffsetx>15</textoffsetx>
					<align>right</align>
					<font>font15</font>
					<textcolor>grey2</textcolor>
					<focusedcolor>white</focusedcolor>
					<texturefocus colordiffuse="$VAR[HighlightBarColor]" border="3">listselect_fo.png</texturefocus>
					<texturenofocus border="1">separator5.png</texturenofocus>
					<label>20037</label>
				</control>
				<control type="button" id="94">
					<description>Button Storage</description>
					<height>90</height>
					<width>356</width>
					<textoffsetx>15</textoffsetx>
					<align>right</align>
					<font>font15</font>
					<textcolor>grey2</textcolor>
					<focusedcolor>white</focusedcolor>
					<texturefocus colordiffuse="$VAR[HighlightBarColor]" border="3">listselect_fo.png</texturefocus>
					<texturenofocus border="1">separator5.png</texturenofocus>
					<label>13277</label>
				</control>
				<control type="button" id="96">
					<description>Button Network</description>
					<height>90</height>
					<width>356</width>
					<textoffsetx>15</textoffsetx>
					<align>right</align>
					<font>font15</font>
					<textcolor>grey2</textcolor>
					<focusedcolor>white</focusedcolor>
					<texturefocus colordiffuse="$VAR[HighlightBarColor]" border="3">listselect_fo.png</texturefocus>
					<texturenofocus border="1">separator5.png</texturenofocus>
					<label>13279</label>
				</control>
				<control type="button" id="97">
					<description>Button Video</description>
					<height>90</height>
					<width>356</width>
					<textoffsetx>15</textoffsetx>
					<align>right</align>
					<font>font15</font>
					<textcolor>grey2</textcolor>
					<focusedcolor>white</focusedcolor>
					<texturefocus colordiffuse="$VAR[HighlightBarColor]" border="3">listselect_fo.png</texturefocus>
					<texturenofocus border="1">separator5.png</texturenofocus>
					<label>13280</label>
				</control>
				<control type="button" id="98">
					<description>Button Hardware</description>
					<height>90</height>
					<width>356</width>
					<textoffsetx>15</textoffsetx>
					<align>right</align>
					<font>font15</font>
					<textcolor>grey2</textcolor>
					<focusedcolor>white</focusedcolor>
					<texturefocus  colordiffuse="$VAR[HighlightBarColor]" border="3">listselect_fo.png</texturefocus>
					<texturenofocus border="1">separator5.png</texturenofocus>
					<label>13281</label>
				</control>
				<control type="button" id="99">
					<description>Button PVR</description>
					<height>90</height>
					<width>356</width>
					<textoffsetx>15</textoffsetx>
					<align>right</align>
					<font>font15</font>
					<textcolor>grey2</textcolor>
					<focusedcolor>white</focusedcolor>
					<texturefocus colordiffuse="$VAR[HighlightBarColor]" border="3">listselect_fo.png</texturefocus>
					<texturenofocus border="1">separator5.png</texturenofocus>
					<label>19191</label>
				</control>
				<control type="button" id="100">
					<description>Button Kodi</description>
					<height>90</height>
					<width>356</width>
					<textoffsetx>15</textoffsetx>
					<align>right</align>
					<font>font15</font>
					<texturefocus colordiffuse="$VAR[HighlightBarColor]" border="3">listselect_fo.png</texturefocus>
					<texturenofocus border="1">separator5.png</texturenofocus>
					<label>12389</label>
				</control>
			</control>
			<control type="group">
				<left>82</left>
				<top>825</top>
				<control type="label">
					<description>CPU Text</description>
					<top>40</top>
					<width>356</width>
					<height>24</height>
					<label>$LOCALIZE[13271]</label>
					<textcolor>grey2</textcolor>
					<font>font12_title</font>
				</control>
				<control type="progress">
					<description>CPU BAR</description>
					<top>70</top>
					<width>356</width>
					<height>24</height>
					<info>System.CPUUsage</info>
					<texturebg border="2">osd/texturebg2.png</texturebg>
					<colordiffuse>$VAR[ThemeLabelColor]</colordiffuse>
				</control>
				<control type="label">
					<description>Memory Text</description>
					<top>105</top>
					<width>356</width>
					<height>24</height>
					<label>$LOCALIZE[31309]</label>
					<textcolor>grey2</textcolor>
					<font>font12_title</font>
				</control>
				<control type="progress">
					<description>Memory BAR</description>
					<top>135</top>
					<width>356</width>
					<height>24</height>
					<texturebg border="2">osd/texturebg2.png</texturebg>
					<colordiffuse>$VAR[ThemeLabelColor]</colordiffuse>
					<info>system.memory(used)</info>
				</control>
			</control>
			<include>SystemRightPanel</include>
			<control type="image">
				<left>522</left>
				<top>32</top>
				<width>1316</width>
				<height>956</height>
				<aspectratio align="center">scale</aspectratio>
				<texture background="true">special://skin/backgrounds/default_settings.jpg</texture>
			</control>
			<control type="image">
				<left>522</left>
				<top>32</top>
				<width>1316</width>
				<height>956</height>
				<aspectratio align="center">scale</aspectratio>
				<texture>black.png</texture>
				<animation effect="fade" start="55" end="55" time="0" condition="true">Conditional</animation>
			</control>
			<control type="grouplist" id="9001">
				<left>522</left>
				<top>32</top>
				<width>1316</width>
				<height>950</height>
				<onleft>9000</onleft>
				<onright>60</onright>
				<orientation>vertical</orientation>
				<visible>!Control.IsVisible(30)</visible>
				<control type="button" id="2">
					<description>Label 1</description>
					<width>1316</width>
					<height>86</height>
					<label />
					<font>font15</font>
					<shadowcolor>shadow</shadowcolor>
					<texturenofocus border="1">separator5.png</texturenofocus>
					<visible>!String.IsEmpty(Control.GetLabel(2))</visible>
				</control>
				<control type="button" id="3">
					<description>Label 2</description>
					<width>1316</width>
					<height>86</height>
					<label />
					<font>font15</font>
					<shadowcolor>shadow</shadowcolor>
					<texturenofocus border="1">separator5.png</texturenofocus>
					<visible>!String.IsEmpty(Control.GetLabel(3))</visible>
				</control>
				<control type="button" id="4">
					<description>Label 3</description>
					<width>1316</width>
					<height>86</height>
					<label />
					<font>font15</font>
					<shadowcolor>shadow</shadowcolor>
					<texturenofocus border="1">separator5.png</texturenofocus>
					<visible>!String.IsEmpty(Control.GetLabel(4))</visible>
				</control>
				<control type="button" id="5">
					<description>Label 4</description>
					<width>1316</width>
					<height>86</height>
					<label />
					<font>font15</font>
					<shadowcolor>shadow</shadowcolor>
					<texturenofocus border="1">separator5.png</texturenofocus>
					<visible>!String.IsEmpty(Control.GetLabel(5))</visible>
				</control>
				<control type="button" id="6">
					<description>Label 5</description>
					<width>1316</width>
					<height>86</height>
					<label />
					<font>font15</font>
					<shadowcolor>shadow</shadowcolor>
					<texturenofocus border="1">separator5.png</texturenofocus>
					<visible>!String.IsEmpty(Control.GetLabel(6))</visible>
				</control>
				<control type="button" id="7">
					<description>Label 6</description>
					<width>1316</width>
					<height>86</height>
					<label />
					<font>font15</font>
					<shadowcolor>shadow</shadowcolor>
					<texturenofocus border="1">separator5.png</texturenofocus>
					<visible>!String.IsEmpty(Control.GetLabel(7))</visible>
				</control>
				<control type="button" id="8">
					<description>Label 7</description>
					<width>1316</width>
					<height>86</height>
					<label />
					<font>font15</font>
					<shadowcolor>shadow</shadowcolor>
					<texturenofocus border="1">separator5.png</texturenofocus>
					<visible>!String.IsEmpty(Control.GetLabel(8))</visible>
				</control>
				<control type="button" id="9">
					<description>Label 8</description>
					<width>1316</width>
					<height>86</height>
					<label />
					<font>font15</font>
					<shadowcolor>shadow</shadowcolor>
					<texturenofocus border="1">separator5.png</texturenofocus>
					<visible>!String.IsEmpty(Control.GetLabel(9))</visible>
				</control>
				<control type="button" id="10">
					<description>Label 9</description>
					<width>1316</width>
					<height>86</height>
					<label />
					<font>font15</font>
					<shadowcolor>shadow</shadowcolor>
					<texturenofocus border="1">separator5.png</texturenofocus>
					<visible>!String.IsEmpty(Control.GetLabel(10))</visible>
				</control>
				<control type="button" id="11">
					<description>Label 10</description>
					<width>1316</width>
					<height>86</height>
					<label />
					<font>font15</font>
					<shadowcolor>shadow</shadowcolor>
					<texturenofocus border="1">separator5.png</texturenofocus>
					<visible>!String.IsEmpty(Control.GetLabel(11))</visible>
				</control>
				<control type="button" id="12">
					<description>Label 11</description>
					<width>1316</width>
					<height>86</height>
					<label />
					<font>font15</font>
					<shadowcolor>shadow</shadowcolor>
					<texturenofocus border="1">separator5.png</texturenofocus>
					<visible>!String.IsEmpty(Control.GetLabel(12))</visible>
				</control>
			</control>
			<control type="textbox" id="30">
				<description>Label 12</description>
				<left>537</left>
				<top>32</top>
				<width>1286</width>
				<height max="920">auto</height>
				<label />
				<font>font15_textbox</font>
				<textcolor>grey2</textcolor>
				<shadowcolor>shadow</shadowcolor>
				<pagecontrol>60</pagecontrol>
			</control>
			<control type="scrollbar" id="60">
				<left>1838</left>
				<top>32</top>
				<width>14</width>
				<height>900</height>
				<onleft>9001</onleft>
				<onright>9000</onright>
				<ondown>60</ondown>
				<onup>60</onup>
				<showonepage>false</showonepage>
				<texturesliderbackground />
				<texturesliderbar colordiffuse="55ffffff" border="1">scrollbar/texturesliderbar2.png</texturesliderbar>
				<texturesliderbarfocus border="1">scrollbar/texturesliderbar2.png</texturesliderbarfocus>
			</control>
		</control>
		<include>Topbar</include>
		<control type="button">
			<description>Credits</description>
			<left>82</left>
			<top>37</top>
			<width>356</width>
			<height>38</height>
			<align>right</align>
			<aligny>center</aligny>
			<font>font15</font>
			<textcolor>labelheader</textcolor>
			<label>XvBMC</label>
		</control>
		<control type="button">
			<description>XvBMC_Thx</description>
			<left>522</left>
			<top>37</top>
			<width>1316</width>
			<height>38</height>
			<align>left</align>
			<aligny>center</aligny>
			<font>font15</font>
			<textcolor>labelheader</textcolor>
			<label>Riley,EPiC,Scott (thx. Q Milhouse Popcornmix BoigNoid Mike Silvo)</label>
		</control>
		<control type="button">
			<description>XvBMC_Versie</description>
			<left>522</left>
			<top>960</top>
			<width>1316</width>
			<height>86</height>
			<align>left</align>
			<aligny>center</aligny>
			<font>font15</font>
			<textcolor>labelheader</textcolor>
			<label>click *HERE* for verion &amp; build info (https://bit.ly/XvBMC-NL)</label>
			<onclick>ActivateWindow(10001,&quot;plugin://script.xvbmc.updatertools/&quot;,return)</onclick>
		</control>
	</controls>
</window>