<?xml version="1.0" encoding="UTF-8" standalone="yes"?>
<rssfeeds>
  <!--RSS feeds. To have multiple feeds, just add a feed to the set. You can also have multiple sets.-->
  <!--To use different sets in your skin, each must be called from skin with a unique id.-->
  <set id="1">
    <feed updateinterval="30">http://www.rssfeedexpert.com/Users/XvBMC%20Nederland/news.xml</feed>
    <feed updateinterval="30">http://www.rssfeedexpert.com/Users/XvBMC%20Nederland/riley.xml</feed>
    <feed updateinterval="30">https://kodi.tv/feed/</feed>
    <feed updateinterval="30">http://feeds.kodi.tv/latest_xbmc_addons</feed>
    <feed updateinterval="30">http://feeds.kodi.tv/updated_xbmc_addons</feed>
    <feed updateinterval="30">https://libreelec.tv/feed/</feed>
    <feed updateinterval="30">http://feeds.openelec.tv/news</feed>
  </set>
</rssfeeds>
