<?xml version="1.0" encoding="UTF-8" standalone="yes"?>
<addon id="script.schoonmaak"
       name=" [COLOR lime][B]X[/B][/COLOR]vBMC [COLOR red][B]S[/B][/COLOR]choonmaak/[COLOR red][B]M[/B][/COLOR]aintenance [I][COLOR darkgreen] (kodi schoonmaak)[/COLOR][/I]"
       version="1.10.18"
       provider-name="EPiC XvBMC-NL">
  <requires>
    <import addon="xbmc.python" version="2.14.0"/>
    <import addon="repository.xvbmc" version="4.0.1"/>
  </requires>
  <extension point="xbmc.python.pluginsource" library="default.py">
    <provides>executable</provides>
  </extension>
  <extension point="xbmc.addon.metadata">
    <platform>all</platform>
    <summary lang="en">XvBMC Nederland - Kodi Schoonmaak</summary>
    <description lang="en">XvBMC Maintenance/Schoonmaak ; CrapCleaner + Purge.</description>
    <disclaimer lang="en">!!! USE AT YOUR OWN RISK !!! more info @ http://bit.ly/XvBMC-NL !!!</disclaimer>
    <platform>all</platform>
    <license>GNU GENERAL PUBLIC LICENSE. Version 3, June 2007</license>
    <forum>http://bit.ly/XvBMC-Pi</forum>
    <website>http://bit.ly/XvBMC-NL</website>
    <source>https://www.fb.com/groups/XvBMCnederland/</source>
  </extension>
</addon>
