<?xml version="1.0" encoding="UTF-8" standalone="yes"?>
<addon id="plugin.video.Allesin1NL!"
	   name="Alles in [COLOR orange][B]1[/B][/COLOR] NL [COLOR dimgray](by[/COLOR] [COLOR lime]X[/COLOR][COLOR dimgray]v[/COLOR][COLOR white]BMC[/COLOR] [COLOR dimgray][B]NL[/B])[/COLOR]"
	   version="1.0.10"
       provider-name="XvBMC-NL">
  <requires>
    <import addon="repository.xvbmc" version="4.0.1"/>
    <import addon="xbmc.python" version="2.1.0"/>
    <!--<import addon="script.module.addon.common" version="2.0.0"/>-->
    <import addon="plugin.video.youtube" version="5.3.12"/>
  </requires>
  <extension point="xbmc.python.pluginsource" library="default.py">
    <provides>video</provides>
  </extension>
  <extension point="xbmc.addon.metadata">
    <summary>diverse (nl) streams</summary>
    <description>Diverse youtube Streams muziek, NL series/films/docu's, Nl kids, NL Cabaret, XvBMC handleidingen, Vlaams, .:C.T.R.L:. Gaming Room, Cirque Du Soleil, Nl racing, DanceTrippin TV, Van Alles Wat NL, Muziek uit Limburg. Door en Voor de XvBMC community, Heb je zelf een Youtube stream gespot die hier wel in zou passen, meld het ons dan even op onze FB pagina Films/series/muziek chat by XvBMC Nederland (xbmc nl Dutch)</description>
	<disclaimer>Alles-in-1-NL more info @ http://bit.ly/XvBMC-NL (USE_AT_YOUR_OWN!_RISK!) ---> *H*I*N*T* aan bepaald persoon, bedenk zelf wat ipv 'COPY/PASTE'.</disclaimer>
    <platform>all</platform>
    <license>GNU GENERAL PUBLIC LICENSE. Version 3, June 2007</license>
    <forum>https://www.fb.com/groups/XvBMCnederland/</forum>
    <website>http://bit.ly/XvBMC-NL</website>
    <source>https://www.facebook.com/groups/XvBMCnederland/</source>
    <news>[B]Version 1.0.10[/B]: +CodeCosmetics +VoOdOo</news>
    <assets>
        <icon>icon.png</icon>
        <fanart>fanart.jpg</fanart>
        <screenshot></screenshot>
    </assets>
  </extension>
</addon>
